themeKeyword,coreKeywords,excludeKeywords,bonusCodes,excludeCodes
2025 하반기 신규상장,2025|하반기|신규상장|삼미금속|삼익제약|세나테크놀로지|한라캐스트|티엠씨|싸이닉솔루션|이지스|명인제약|그래피|아우토크립트|오아|뉴로핏|씨엠티엑스|애드포러스|더핑크퐁컴퍼니|대한조선|지투지바이오|알트|뉴키즈온|뉴엔AI,삼성물산|삼성전자|SK하이닉스|현대차|기아|현대모비스|NAVER|카카오|포스코홀딩스|LG화학|LG|SK|CJ|롯데지주|한화|두산,,
2026 상반기 신규상장,2026|상반기|신규상장|케이뱅크|리센스메디컬|한패스|에스팀|아이엠바이오로직스|지에프아이,삼성물산|삼성전자|SK하이닉스|현대차|기아|현대모비스|NAVER|카카오|포스코홀딩스|LG화학|LG|SK|CJ|롯데지주|한화|두산,,
2차전지,2차전지|배터리|에너지솔루션|SDI|에코프로|퓨처엠|엘앤에프|엔켐|천보|전자재료|소재|KG케미칼|DI동일|알루코|TCC스틸|포스코퓨처엠|세방전지|조광페인트|코스모신소재|코스모화학|POSCO홀딩스|삼아알미늄|삼성SDI|대한유화|율촌화학|고려아연|한농화성|SKC|한솔케미칼|동원시스템즈|성우하이텍,삼성물산|삼성전자|SK하이닉스|현대차|기아|현대모비스|NAVER|카카오|LG|SK|CJ|롯데지주|한화|두산,,
2차전지(LFP/리튬인산철),2차전지|LFP|리튬인산철|배터리|에너지솔루션|SDI|에코프로|퓨처엠|엘앤에프|엔켐|천보|전자재료|소재|브이티|소프트센|파워넷|EG|팬스타엔터프라이즈|SK이노베이션|아모그린텍|씨아이에스|코윈테크|탑머티리얼|LG에너지솔루션,삼성물산|삼성전자|SK하이닉스|현대차|기아|현대모비스|NAVER|카카오|LG|SK|CJ|롯데지주|한화|두산,,
2차전지(나트륨이온),2차전지|나트륨이온|배터리|에너지솔루션|SDI|에코프로|퓨처엠|엘앤에프|엔켐|천보|전자재료|소재|삼성SDI|디아이씨|애경케미칼|에코프로비엠|나인테크|LG에너지솔루션|더블유씨피|메가터치,삼성물산|삼성전자|SK하이닉스|현대차|기아|현대모비스|NAVER|카카오|LG|SK|CJ|롯데지주|한화|두산,,
2차전지(생산),2차전지|생산|배터리|에너지솔루션|SDI|에코프로|퓨처엠|엘앤에프|엔켐|천보|전자재료|소재|삼성SDI|SK이노베이션|LG에너지솔루션,삼성물산|삼성전자|SK하이닉스|현대차|기아|현대모비스|NAVER|카카오|LG|SK|CJ|롯데지주|한화|두산,,
2차전지(소재/부품),2차전지|소재|부품|배터리|에너지솔루션|SDI|에코프로|퓨처엠|엘앤에프|엔켐|천보|전자재료|KG케미칼|DI동일|알루코|TCC스틸|포스코퓨처엠|조광페인트|코스모신소재|코스모화학|POSCO홀딩스|삼아알미늄|대한유화|율촌화학|고려아연|한농화성|SKC|한솔케미칼|동원시스템즈|성우하이텍|조일알미늄|롯데에너지머티리얼즈,삼성물산|삼성전자|SK하이닉스|현대차|기아|현대모비스|NAVER|카카오|LG|SK|CJ|롯데지주|한화|두산,,
2차전지(장비),2차전지|장비|배터리|에너지솔루션|SDI|에코프로|퓨처엠|엘앤에프|엔켐|천보|전자재료|소재|우신시스템|소프트센|에스에프에이|탑엔지니어링|웰크론한텍|HB테크놀러지|APS이노베이션|쎄크|아바코|코세스|톱텍|디에스케이|디아이티|강원에너지|대성하이텍|파인텍|피엔티|에이치와이티씨|필옵틱스|펨트론,삼성물산|삼성전자|SK하이닉스|현대차|기아|현대모비스|NAVER|카카오|LG|SK|CJ|롯데지주|한화|두산,,
2차전지(전고체),2차전지|전고체|배터리|에너지솔루션|SDI|에코프로|퓨처엠|엘앤에프|엔켐|천보|전자재료|소재|삼성SDI|삼성전기|한농화성|롯데에너지머티리얼즈|동화기업|미래컴퍼니|테이팩스|미코|대주전자재료|아바코|SK이노베이션|이브이첨단소재|씨아이에스|엠플러스|나인테크|티에스아이|레이크머티리얼즈|코윈테크|레몬,삼성물산|삼성전자|SK하이닉스|현대차|기아|현대모비스|NAVER|카카오|LG|SK|CJ|롯데지주|한화|두산,,
3D 프린터,3D|프린터|모아텍|에스티아이|TPC로보틱스|로보스타|휴림로봇|스맥|코렌텍|하이비젼시스템|티앤알바이오팹|로킷헬스케어|링크솔루션,삼성물산|삼성전자|SK하이닉스|현대차|기아|현대모비스|NAVER|카카오|포스코홀딩스|LG화학|LG|SK|CJ|롯데지주|한화|두산,,
5G(5세대 이동통신),5G|5세대|이동통신|삼성전자|이수페타시스|대한광통신|SK텔레콤|KT|케이엠더블유|LG유플러스|기산텔레콤|삼지전자|우리로|기가레인|쏠리드|아이크래프트|코위버|LS마린솔루션|알에프텍|한국첨단소재|이루온|와이어블|CS,삼성물산|삼성전자|SK하이닉스|현대차|기아|현대모비스|NAVER|카카오|포스코홀딩스|LG화학|LG|SK|CJ|롯데지주|한화|두산,,
AI 챗봇(챗GPT 등),AI|챗봇|챗GPT|인공지능|데이터|소프트웨어|솔루션|클라우드|반도체|이수페타시스|삼성에스디에스|한글과컴퓨터|NAVER|카카오|인포뱅크|폴라리스AI|폴라리스오피스|이스트소프트|영림원소프트랩|브리지텍|유엔젤|와이즈넛|브레인즈컴퍼니|셀바스AI|글로벌텍스프리|엑셈|데이타솔루션|미디어젠|플리토,삼성물산|삼성전자|SK하이닉스|현대차|기아|현대모비스|NAVER|카카오|포스코홀딩스|LG화학|LG|SK|CJ|롯데지주|한화|두산,,
AI반도체,AI반도체|반도체|하이닉스|전자|하이텍|테크|공업|IPS|ISC|HPSP|이오테크닉스|리노공업|AI|인공지능|데이터|소프트웨어|솔루션|클라우드|삼성전자,삼성물산|현대차|기아|현대모비스|NAVER|카카오|포스코홀딩스|LG화학|LG|SK|CJ|롯데지주|한화|두산,,
CCTV＆DVR,CCTV＆DVR|코콤|비츠로시스|인콘|앤씨앤|아이디스|포커스에이아이|한화비전,삼성물산|삼성전자|SK하이닉스|현대차|기아|현대모비스|NAVER|카카오|포스코홀딩스|LG화학|LG|SK|CJ|롯데지주|한화|두산,,
CXL(컴퓨트익스프레스링크),CXL|컴퓨트익스프레스링크|SK하이닉스|삼성전자|코리아써키트|대교|국순당|오킨스전자|엑시콘|네오셈|티엘비|오픈엣지테크놀로지|큐알티|퀄리타스반도체|파두,삼성물산|삼성전자|SK하이닉스|현대차|기아|현대모비스|NAVER|카카오|포스코홀딩스|LG화학|LG|SK|CJ|롯데지주|한화|두산,,
DMZ 평화공원,DMZ|평화공원|씨아이테크|크라운해태홀딩스|모헨즈|일신석재|퍼스텍|삼륭물산|시공테크|시그네틱스|자연과환경|유진로봇|웰크론|누리플랜|모나용평|코아스|하이드로리튬|딜리|대창스틸|웹스,삼성물산|삼성전자|SK하이닉스|현대차|기아|현대모비스|NAVER|카카오|포스코홀딩스|LG화학|LG|SK|CJ|롯데지주|한화|두산,,
GTX(수도권 광역급행철도),GTX|수도권|광역급행철도|현대건설|남광토건|도화엔지니어링|금호건설|동부건설|GS건설|태영건설|서한|삼현철강|세명전기|유진기업|특수건설|동아지질|폴라리스AI|대아티아이|우원개발|대우건설|비츠로시스|유신|현대로템,삼성물산|삼성전자|SK하이닉스|현대차|기아|현대모비스|NAVER|카카오|포스코홀딩스|LG화학|LG|SK|CJ|롯데지주|한화|두산,,
HBM(고대역폭메모리),HBM|고대역폭메모리|하이닉스|삼성전자|한미반도체|ISC|리노공업|이오테크닉스|테크|SK하이닉스|디아이|피에스케이홀딩스|엠케이전자|에스티아이|제우스|유니테스트|테크윙|윈팩|고영|디아이티|와이씨켐|예스티|펨트론|제너셈|켐트로스,삼성물산|현대차|기아|현대모비스|NAVER|카카오|포스코홀딩스|LG화학|LG|SK|CJ|롯데지주|한화|두산,,
IT 대표주,IT|대표주|SK하이닉스|삼성전자|삼성SDI|삼성에스디에스|LG디스플레이|LG전자,삼성물산|삼성전자|SK하이닉스|현대차|기아|현대모비스|NAVER|카카오|포스코홀딩스|LG화학|LG|SK|CJ|롯데지주|한화|두산,,
LED,LED|금호전기|한솔테크닉스|삼성전자|와이투솔루션|태경비케이|태경산업|광전자|한국단자|케이엠더블유|에이치엠넥스|우리엔터프라이즈|엘컴텍|루멘스|성호전자|코아시아|서울반도체|에스폴리텍|삼진엘앤디|알에프텍|파커스,삼성물산|삼성전자|SK하이닉스|현대차|기아|현대모비스|NAVER|카카오|포스코홀딩스|LG화학|LG|SK|CJ|롯데지주|한화|두산,,
LED장비,LED장비|주성엔지니어링|이오테크닉스|기가레인|미래컴퍼니|프로텍|티씨케이|탑엔지니어링|예스티|티에스이|지아이에스|레이저쎌,삼성물산|삼성전자|SK하이닉스|현대차|기아|현대모비스|NAVER|카카오|포스코홀딩스|LG화학|LG|SK|CJ|롯데지주|한화|두산,,
LNG(액화천연가스),LNG|액화천연가스|삼천리|POSCO홀딩스|대한해운|HD한국조선해양|삼성중공업|한국전력|한국카본|SK가스|팬오션|동성화인텍|SK|한국가스공사|지역난방공사|GS|한화엔진|비에이치아이|엔케이|대창솔루션|HJ중공업|한텍,삼성물산|삼성전자|SK하이닉스|현대차|기아|현대모비스|NAVER|카카오|포스코홀딩스|LG화학|LG|SK|CJ|롯데지주|한화|두산,,
LPG(액화석유가스),LPG|액화석유가스|중앙에너비스|극동유화|E1|SK가스|흥구석유|GS|SK이노베이션|대성산업,삼성물산|삼성전자|SK하이닉스|현대차|기아|현대모비스|NAVER|카카오|포스코홀딩스|LG화학|LG|SK|CJ|롯데지주|한화|두산,,
MLCC(적층세라믹콘덴서),MLCC|적층세라믹콘덴서|삼화콘덴서|코스모신소재|삼성전기|아모텍|대주전자재료|코칩|아바텍|지아이에스|한울반도체|원준,삼성물산|삼성전자|SK하이닉스|현대차|기아|현대모비스|NAVER|카카오|포스코홀딩스|LG화학|LG|SK|CJ|롯데지주|한화|두산,,
NFT(대체불가토큰),NFT|대체불가토큰|삼성전자|갤럭시아에스엠|NAVER|카카오|폴라리스오피스|빌리언스|초록뱀미디어|엠게임|컴투스홀딩스|서울옥션|다날|갤럭시아머니트리|위메이드|아톤|핑거|미투온|FSN|에이스토리|카카오게임즈|컴퍼니케이,삼성물산|삼성전자|SK하이닉스|현대차|기아|현대모비스|NAVER|카카오|포스코홀딩스|LG화학|LG|SK|CJ|롯데지주|한화|두산,,
NI(네트워크통합),NI|네트워크통합|광무|아이티센씨티에스|인성정보|에스넷|링네트|오픈베이스|오파스넷,삼성물산|삼성전자|SK하이닉스|현대차|기아|현대모비스|NAVER|카카오|포스코홀딩스|LG화학|LG|SK|CJ|롯데지주|한화|두산,,
OLED(유기 발광 다이오드),OLED|유기|발광|다이오드|삼성전자|와이투솔루션|한솔케미칼|LG디스플레이|주성엔지니어링|아이씨디|웰킵스하이텍|미래컴퍼니|LG화학|한국컴퓨터|APS|에스에프에이|아이컴포넌트|이엘피|탑엔지니어링|LG전자|DMS|HB테크놀러지|인베니아|엘오티베큠,삼성물산|삼성전자|SK하이닉스|현대차|기아|현대모비스|NAVER|카카오|포스코홀딩스|LG화학|LG|SK|CJ|롯데지주|한화|두산,,
PCB(FPCB 등),PCB|FPCB|이수페타시스|코리아써키트|삼성전기|에이엔피|롯데에너지머티리얼즈|시노펙스|아비코전자|성우테크론|인터플렉스|디에이피|우리바이오|뉴프렉스|네오티스|상아프론테크|비에이치|현우산업|아모그린텍|화인써키트|이브이첨단소재|필옵틱스,삼성물산|삼성전자|SK하이닉스|현대차|기아|현대모비스|NAVER|카카오|포스코홀딩스|LG화학|LG|SK|CJ|롯데지주|한화|두산,,
SI(시스템통합),SI|시스템통합|아이티센엔텍|DB|삼성에스디에스|대신정보통신|포스코DX|다우기술|광무|비트컴퓨터|SK|케이엘넷|링네트|정원엔시스|비트플래닛|아이크래프트|오상자이엘|LG씨엔에스|인티큐브|케이씨에스|아이티센글로벌|오파스넷,삼성물산|삼성전자|SK하이닉스|현대차|기아|현대모비스|NAVER|카카오|포스코홀딩스|LG화학|LG|SK|CJ|롯데지주|한화|두산,,
SNS(소셜네트워크서비스),SNS|소셜네트워크서비스|NAVER|카카오|인포뱅크|포니링크|이루온|SOOP|유엔젤|가비아|갤럭시아머니트리|NHN벅스,삼성물산|삼성전자|SK하이닉스|현대차|기아|현대모비스|NAVER|카카오|포스코홀딩스|LG화학|LG|SK|CJ|롯데지주|한화|두산,,
STO(토큰증권 발행),STO|토큰증권|발행|유진투자증권|SK증권|한화투자증권|NH투자증권|갤럭시아에스엠|교보증권|키움증권|우리기술투자|한국정보인증|신한지주|서울옥션|다날|한국금융지주|하나금융지주|유라클|갤럭시아머니트리|케이옥션|KB금융|아이티센글로벌|아톤,삼성물산|삼성전자|SK하이닉스|현대차|기아|현대모비스|NAVER|카카오|포스코홀딩스|LG화학|LG|SK|CJ|롯데지주|한화|두산,,
UAM(도심항공모빌리티),UAM|도심항공모빌리티|현대건설|넥센타이어|대한항공|남성|현대차|퍼스텍|한화에어로스페이스|SK텔레콤|한국카본|KT|LG유플러스|기산텔레콤|카카오|한국항공우주|스모트로닉|GS|제주항공|베셀|서연이화|하이즈항공,삼성물산|삼성전자|SK하이닉스|현대차|기아|현대모비스|NAVER|카카오|포스코홀딩스|LG화학|LG|SK|CJ|롯데지주|한화|두산,,
mRNA(메신저 리보핵산),mRNA|메신저|리보핵산|파미셀|녹십자|한미사이언스|진원생명과학|서린바이오|아미노로직스|이연제약|한미약품|나이벡|아이진|올릭스|에스티팜|큐라티스|인벤티지랩,삼성물산|삼성전자|SK하이닉스|현대차|기아|현대모비스|NAVER|카카오|포스코홀딩스|LG화학|LG|SK|CJ|롯데지주|한화|두산,,
日 수출 규제(국산화 등),수출|규제|국산화|송원산업|동진쎄미켐|율촌화학|한화솔루션|경인양행|아진산업|삼륭물산|일지테크|케이피엠테크|우리로|APS이노베이션|후성|에스앤에스텍|램테크놀러지|PI첨단소재|켐트로스|이녹스첨단소재|솔브레인|풍원정밀|삼양엔씨켐,삼성물산|삼성전자|SK하이닉스|현대차|기아|현대모비스|NAVER|카카오|포스코홀딩스|LG화학|LG|SK|CJ|롯데지주|한화|두산,,
日제품 불매운동(수혜),日제품|불매운동|수혜|하이트진로|하이트진로홀딩스|보해양조|BYC|비비안|깨끗한나라|모나미|크라운해태홀딩스|모나리자|리드코프|아가방컴퍼니|메디앙스|좋은사람들|코데즈컴바인|TBH글로벌|해태제과식품|그리티|보라티알|크라운제과|배럴,삼성물산|삼성전자|SK하이닉스|현대차|기아|현대모비스|NAVER|카카오|포스코홀딩스|LG화학|LG|SK|CJ|롯데지주|한화|두산,,
가상현실(VR),가상현실|VR|삼성전자|시공테크|제이씨현시스템|바른손이앤에이|에스넷|토탈소프트|한빛소프트|세코닉스|이랜텍|에스피지|큐에스아이|LG전자|SOOP|동운아나텍|칩스앤미디어|에스코넥|하이비젼시스템|나무가|링크드|데브시스터즈,삼성물산|삼성전자|SK하이닉스|현대차|기아|현대모비스|NAVER|카카오|포스코홀딩스|LG화학|LG|SK|CJ|롯데지주|한화|두산,,
가상화폐(비트코인 등),가상화폐|비트코인|한화투자증권|SBI인베스트먼트|에이티넘인베스트|제이씨현시스템|카카오|위지트|감성코퍼레이션|우리기술투자|네오위즈홀딩스|KG파이낸셜|비트플래닛|티사이언티픽|엠게임|컴투스홀딩스|다날|매커스|갤럭시아머니트리|네오위즈|인바이오젠|위메이드,삼성물산|삼성전자|SK하이닉스|현대차|기아|현대모비스|NAVER|카카오|포스코홀딩스|LG화학|LG|SK|CJ|롯데지주|한화|두산,,
강관업체(Steel pipe),강관업체|Steel|pipe|한국주철관|휴스틸|KBI동양철관|이렘|금강공업|하이스틸|넥스틸|SK오션플랜트|율촌|유에스티|세아제강,삼성물산|삼성전자|SK하이닉스|현대차|기아|현대모비스|NAVER|카카오|포스코홀딩스|LG화학|LG|SK|CJ|롯데지주|한화|두산,,
갤럭시 부품주,갤럭시|부품주|한솔테크닉스|삼성전자|코리아써키트|삼성전기|시노펙스|자화전자|파워로직스|인탑스|기가레인|캠시스|인터플렉스|아모텍|세코닉스|이랜텍|KH바텍|알에프텍|옵트론텍|뉴프렉스|켐트로닉스|비에이치,삼성물산|삼성전자|SK하이닉스|현대차|기아|현대모비스|NAVER|카카오|포스코홀딩스|LG화학|LG|SK|CJ|롯데지주|한화|두산,,
건강기능식품,건강기능식품|종근당홀딩스|대원제약|서흥|그래디언트|HLB제약|시너지이노베이션|쎌바이오텍|LG생활건강|경남제약|종근당바이오|비엘팜텍|메디포스트|대상홀딩스|헬릭스미스|아미코젠|네오팜|뉴온|모아라이프플러스|우리이앤엘하루틴|내츄럴엔도텍,삼성물산|삼성전자|SK하이닉스|현대차|기아|현대모비스|NAVER|카카오|포스코홀딩스|LG화학|LG|SK|CJ|롯데지주|한화|두산,,
건설 / 해외수주,건설|해외수주|E&A|이앤씨|산업개발|엔지니어링|시멘트|레미콘|건자재|대우건설,삼성물산|삼성전자|SK하이닉스|현대차|기아|현대모비스|NAVER|카카오|포스코홀딩스|LG화학|LG|SK|CJ|롯데지주|한화|두산,,
건설 대표주,건설|대표주|E&A|이앤씨|산업개발|엔지니어링|시멘트|레미콘|건자재|현대건설|GS건설|삼성물산|대우건설|IPARK현대산업개발|DL이앤씨,삼성물산|삼성전자|SK하이닉스|현대차|기아|현대모비스|NAVER|카카오|포스코홀딩스|LG화학|LG|SK|CJ|롯데지주|한화|두산,,
건설 중소형,건설|중소형|E&A|이앤씨|산업개발|엔지니어링|시멘트|레미콘|건자재|남광토건|삼일기업공사|HS화성|진흥기업|금호건설|코오롱글로벌|한신공영|동부건설|대원|태영건설|아이에스동서|삼호개발|서한|동원개발|일성건설|계룡건설|까뮤이앤씨|신원종합개발|KCC건설|동신건설,삼성물산|삼성전자|SK하이닉스|현대차|기아|현대모비스|NAVER|카카오|포스코홀딩스|LG화학|LG|SK|CJ|롯데지주|한화|두산,,
건설기계,건설기계|건설|E&A|이앤씨|산업개발|엔지니어링|시멘트|레미콘|건자재|혜인|흥국|삼미금속|대창단조|수산세보틱스|서연탑메탈|대동금속|진성티이씨|현대에버다임|프리엠스|전진건설로봇|동일금속|디와이파워|두산밥캣|HD건설기계|대모,삼성물산|삼성전자|SK하이닉스|현대차|기아|현대모비스|NAVER|카카오|포스코홀딩스|LG화학|LG|SK|CJ|롯데지주|한화|두산,,
게임,게임|플레이위드|NAVER|NC|네오위즈홀딩스|한빛소프트|이스트소프트|대원미디어|액토즈소프트|엠게임|손오공|조이시티|웹젠|컴투스|네오리진|네오위즈|위메이드맥스|위메이드|NHN|더블유게임즈|미투온,삼성물산|삼성전자|SK하이닉스|현대차|기아|현대모비스|NAVER|카카오|포스코홀딩스|LG화학|LG|SK|CJ|롯데지주|한화|두산,,
겨울,겨울|동화약품|유한양행|신일전자|삼천리|삼립|녹십자|부스타|광동제약|경동나비엔|INVENI|대성홀딩스|서울가스|인천도시가스|한국가스공사|파세코|지에스이|지역난방공사|영원무역|대성에너지|한미약품,삼성물산|삼성전자|SK하이닉스|현대차|기아|현대모비스|NAVER|카카오|포스코홀딩스|LG화학|LG|SK|CJ|롯데지주|한화|두산,,
고령화 사회(노인복지),고령화|사회|노인복지|JW중외제약|대원제약|신흥|녹십자홀딩스|삼성전자|피제이전자|GC메디아이|비트컴퓨터|원익|인성정보|마크로젠|오스코텍|나노엔텍|인바디|바텍|HLB제약|LG화학|현대바이오랜드|메타바이오메드|큐렉소,삼성물산|삼성전자|SK하이닉스|현대차|기아|현대모비스|NAVER|카카오|포스코홀딩스|LG화학|LG|SK|CJ|롯데지주|한화|두산,,
고체산화물 연료전지(SOFC),고체산화물|연료전지|SOFC|에스에프에이|미코|비에이치아이|코세스|비나텍|엘티씨|금양그린파워|두산퓨얼셀|아모센스|범한퓨얼셀|LS머트리얼즈|한선엔지니어링|SK이터닉스,삼성물산|삼성전자|SK하이닉스|현대차|기아|현대모비스|NAVER|카카오|포스코홀딩스|LG화학|LG|SK|CJ|롯데지주|한화|두산,,
골판지 제조,골판지|제조|한국수출포장|아세아제지|한솔홀딩스|블루산업개발|태림포장|대영포장|리더스코스메틱|신대양제지|대림제지|삼보판지,삼성물산|삼성전자|SK하이닉스|현대차|기아|현대모비스|NAVER|카카오|포스코홀딩스|LG화학|LG|SK|CJ|롯데지주|한화|두산,,
골프,골프|베뉴지|아난티|와이엔텍|한세엠케이|모나용평|미스토홀딩스|뷰웍스|크리스에프앤씨|남화산업|골프존홀딩스|KX|골프존|라온피플|형지글로벌|브이씨,삼성물산|삼성전자|SK하이닉스|현대차|기아|현대모비스|NAVER|카카오|포스코홀딩스|LG화학|LG|SK|CJ|롯데지주|한화|두산,,
공기청정기,공기청정기|신일전자|삼성전자|코웨이|성호전자|위닉스|크린앤사이언스|에스피지|LG전자|오텍|케이웨더|쿠쿠홈시스|씨앤투스,삼성물산|삼성전자|SK하이닉스|현대차|기아|현대모비스|NAVER|카카오|포스코홀딩스|LG화학|LG|SK|CJ|롯데지주|한화|두산,,
공작기계,공작기계|화천기공|SNT다이내믹스|삼익THK|SIMPAC|화천기계|한국주강|유니온머티리얼|넥스턴앤롤코리아|스맥|서암기계공업|한국정밀기계|대성하이텍|에이비프로바이오,삼성물산|삼성전자|SK하이닉스|현대차|기아|현대모비스|NAVER|카카오|포스코홀딩스|LG화학|LG|SK|CJ|롯데지주|한화|두산,,
광고,광고|오리콤|제일기획|HS애드|비케이홀딩스|지어소프트|KT나스미디어|이엠넷|아시아경제|FSN|이노션|인크로스|에코마케팅|엔비티|플레이디|케어랩스|와이즈버즈|엔피|아티스트컴퍼니|차이커뮤니케이션|드림인사이트,삼성물산|삼성전자|SK하이닉스|현대차|기아|현대모비스|NAVER|카카오|포스코홀딩스|LG화학|LG|SK|CJ|롯데지주|한화|두산,,
광통신(광케이블/광섬유 등),광통신|광케이블|광섬유|LS|대한광통신|성호전자|한국첨단소재|빛과전자|서울바이오시스|머큐리|우리넷|티엠씨|RFHIC|RF머트리얼즈|파이버프로|라이콤|자람테크놀로지,삼성물산|삼성전자|SK하이닉스|현대차|기아|현대모비스|NAVER|카카오|포스코홀딩스|LG화학|LG|SK|CJ|롯데지주|한화|두산,,
교육/온라인 교육,교육|온라인|DB|대교|비트컴퓨터|골드앤에스|정상제이엘에스|비트플래닛|NE능률|YBM넷|멀티캠퍼스|삼성출판사|디지털대성|유엔젤|메가스터디|유비온|웅진씽크빅|크레버스|비상교육|메가엠디|이퓨쳐|로보로보,삼성물산|삼성전자|SK하이닉스|현대차|기아|현대모비스|NAVER|카카오|포스코홀딩스|LG화학|LG|SK|CJ|롯데지주|한화|두산,,
구제역/광우병 수혜,구제역|광우병|수혜|한성기업|사조대림|신라교역|한일사료|동원산업|사조오양|우성|사조산업|CJ씨푸드|태경비케이|우진비앤지|신라에스지|팜스토리|마니커|동원수산|이지홀딩스|대성미생물|동우팜투테이블|하림|정다운,삼성물산|삼성전자|SK하이닉스|현대차|기아|현대모비스|NAVER|카카오|포스코홀딩스|LG화학|LG|SK|CJ|롯데지주|한화|두산,,
국내 상장 중국기업,국내|상장|중국기업|피델릭스|글로벌에스엠|이스트아시아홀딩스|씨엑스아이|크리스탈신소재|로스웰|헝셩그룹|GRT|오가닉티코스메틱|컬러레이|윙입푸드,삼성물산|삼성전자|SK하이닉스|현대차|기아|현대모비스|NAVER|카카오|포스코홀딩스|LG화학|LG|SK|CJ|롯데지주|한화|두산,,
귀금속(금/은),귀금속|영풍|고려아연|엘컴텍|아이티센글로벌,삼성물산|삼성전자|SK하이닉스|현대차|기아|현대모비스|NAVER|카카오|포스코홀딩스|LG화학|LG|SK|CJ|롯데지주|한화|두산,,
그래핀,그래핀|경인양행|대창|디와이덕양|상보|엑사이엔씨|오리엔트정공|엘엠에스|덕산하이메탈|국일제지|휴비스|아이텍|다산솔루에타|크리스탈신소재,삼성물산|삼성전자|SK하이닉스|현대차|기아|현대모비스|NAVER|카카오|포스코홀딩스|LG화학|LG|SK|CJ|롯데지주|한화|두산,,
기업인수목적회사(SPAC),기업인수목적회사|SPAC|엔에이치스팩29호|신한제11호스팩|에이치엠씨제6호스팩|한국제13호스팩|KB제27호스팩|교보15호스팩|키움히어로제1호스팩|엔에이치스팩30호|IBKS제23호스팩|유진스팩10호|IBKS제24호스팩|하나30호스팩|하나31호스팩|대신밸런스제17호스팩|신영스팩10호|에스케이증권제11호스팩|에스케이증권제12호스팩|유안타제15호스팩|에스케이증권제13호스팩|유안타제16호스팩,삼성물산|삼성전자|SK하이닉스|현대차|기아|현대모비스|NAVER|카카오|포스코홀딩스|LG화학|LG|SK|CJ|롯데지주|한화|두산,,
김밥(냉동김밥 등),김밥|냉동김밥|한성기업|사조대림|CJ씨푸드|풀무원|우양|한울앤제주,삼성물산|삼성전자|SK하이닉스|현대차|기아|현대모비스|NAVER|카카오|포스코홀딩스|LG화학|LG|SK|CJ|롯데지주|한화|두산,,
낙태/피임,낙태|피임|현대약품|명문제약|지엘팜텍|알리코제약,삼성물산|삼성전자|SK하이닉스|현대차|기아|현대모비스|NAVER|카카오|포스코홀딩스|LG화학|LG|SK|CJ|롯데지주|한화|두산,,
남-북-러 가스관사업,가스관사업|휴스틸|문배철강|KBI동양철관|삼현철강|부국철강|화성밸브|대동스틸|동양에스텍|하이스틸|엔케이|SK오션플랜트|디케이락|세아제강,삼성물산|삼성전자|SK하이닉스|현대차|기아|현대모비스|NAVER|카카오|포스코홀딩스|LG화학|LG|SK|CJ|롯데지주|한화|두산,,
남북경협,남북경협|현대건설|남광토건|조비|경농|도화엔지니어링|롯데정밀화학|한국석유|녹십자|일신석재|신원|스페코|인디에프|한국전력|현대엘리베이터|인지컨트롤스|남해화학|아난티|제이에스티나|양지사|자화전자,삼성물산|삼성전자|SK하이닉스|현대차|기아|현대모비스|NAVER|카카오|포스코홀딩스|LG화학|LG|SK|CJ|롯데지주|한화|두산,,
냉각시스템(액침냉각 등),냉각시스템|액침냉각|냉각|칠러|쿨링|GST|워트|유니셈|케이엔솔|데이터센터|한화에어로스페이스|SK|3S|LG전자|오텍|GS|SK이노베이션|한중엔시에스,삼성물산|삼성전자|SK하이닉스|현대차|기아|현대모비스|NAVER|카카오|포스코홀딩스|LG화학|LG|SK|CJ|롯데지주|한화|두산,,
농업,농업|대동|KG케미칼|조비|경농|TYM|SB성보|롯데정밀화학|동방아그로|대동기어|유니드|대동금속|남해화학|아세아텍|농우바이오|효성오앤비|우림피티에스|그린생명과학|포메탈|아시아종묘|그린플러스,삼성물산|삼성전자|SK하이닉스|현대차|기아|현대모비스|NAVER|카카오|포스코홀딩스|LG화학|LG|SK|CJ|롯데지주|한화|두산,,
뉴로모픽 반도체,뉴로모픽|반도체|하이닉스|전자|하이텍|테크|공업|IPS|ISC|HPSP|이오테크닉스|리노공업|삼성전자|네패스|앤씨앤|네패스아크|자람테크놀로지|오픈엣지테크놀로지|에이직랜드,삼성물산|현대차|기아|현대모비스|NAVER|카카오|포스코홀딩스|LG화학|LG|SK|CJ|롯데지주|한화|두산,,
니켈,니켈|LX인터내셔널|현대비앤지스틸|POSCO홀딩스|대양금속|삼화전자|황금에스티|포스코인터내셔널|LG화학|이상네트웍스|티플랙스|유에스티|LG에너지솔루션|이지트로닉스|에코프로머티,삼성물산|삼성전자|SK하이닉스|현대차|기아|현대모비스|NAVER|카카오|포스코홀딩스|LG화학|LG|SK|CJ|롯데지주|한화|두산,,
도시가스,도시가스|삼천리|INVENI|대성홀딩스|서울가스|인천도시가스|한국가스공사|지에스이|대성에너지|경동도시가스,삼성물산|삼성전자|SK하이닉스|현대차|기아|현대모비스|NAVER|카카오|포스코홀딩스|LG화학|LG|SK|CJ|롯데지주|한화|두산,,
두나무(Dunamu),두나무|Dunamu|코오롱|한화투자증권|신성이엔지|에이티넘인베스트|대성창투|카카오|우리기술투자|네오위즈|코오롱인더|DSC인베스트먼트|TS인베스트먼트,삼성물산|삼성전자|SK하이닉스|현대차|기아|현대모비스|NAVER|카카오|포스코홀딩스|LG화학|LG|SK|CJ|롯데지주|한화|두산,,
드론(Drone),드론|Drone|대한항공|휴니드|퍼스텍|한화에어로스페이스|코콤|인지컨트롤스|KT|제이씨현시스템|기산텔레콤|한빛소프트|한국항공우주|피씨디렉트|한컴위드|덕산하이메탈|매커스|케이알엠|에스코넥|엠씨넥스|쎄트렉아이|베셀,삼성물산|삼성전자|SK하이닉스|현대차|기아|현대모비스|NAVER|카카오|포스코홀딩스|LG화학|LG|SK|CJ|롯데지주|한화|두산,,
딥페이크(deepfake),딥페이크|deepfake|라온시큐어|한빛소프트|이스트소프트|플랜티넷|파수에이아이|디지캡|스톤브릿지벤처스|시선AI|알체라|크라우드웍스|샌즈랩|에스피소프트|아이씨티케이|M83,삼성물산|삼성전자|SK하이닉스|현대차|기아|현대모비스|NAVER|카카오|포스코홀딩스|LG화학|LG|SK|CJ|롯데지주|한화|두산,,
렌터카,렌터카|레드캡투어|롯데렌탈|케이카|쏘카,삼성물산|삼성전자|SK하이닉스|현대차|기아|현대모비스|NAVER|카카오|포스코홀딩스|LG화학|LG|SK|CJ|롯데지주|한화|두산,,
로봇(산업용/협동로봇 등),로봇|산업용|협동로봇|로보|레인보우|두산로보틱스|뉴로메카|티로보틱스|유일로보틱스|두산|대동|삼익THK|에스엘|피제이전자|대동기어|퍼스텍|와이투솔루션|계양전기|케이피에프|원익홀딩스|SJG세종|TPC로보틱스|인탑스|유진로봇|에스피지|아진엑스텍|해성에어로보틱스|KH바텍|신성델타테크,삼성물산|삼성전자|SK하이닉스|현대차|기아|현대모비스|NAVER|카카오|포스코홀딩스|LG화학|LG|SK|CJ|롯데지주|한화|두산,,
리모델링/인테리어,리모델링|인테리어|KCC|대림바스|대림통상|벽산|이건산업|한샘|에넥스|삼목에스폼|시공테크|한솔홈데코|동화기업|파세코|희림|이건홀딩스|하츠|국보디자인|현대리바트|LX하우시스|라이온켐텍|진영,삼성물산|삼성전자|SK하이닉스|현대차|기아|현대모비스|NAVER|카카오|포스코홀딩스|LG화학|LG|SK|CJ|롯데지주|한화|두산,,
리비안(RIVIAN),리비안|RIVIAN|TCC스틸|디와이에이|남성|삼성SDI|모베이스전자|디와이|우신시스템|대원화성|피에이치에이|포스코인터내셔널|동국알앤에스|상신이디피|아모그린텍|에코캡|피엔티|HL만도|우리산업|씨아이에스|폴라리스세원|유진테크놀로지,삼성물산|삼성전자|SK하이닉스|현대차|기아|현대모비스|NAVER|카카오|포스코홀딩스|LG화학|LG|SK|CJ|롯데지주|한화|두산,,
리츠(REITs),리츠|REITs|이리츠코크렙|케이탑리츠|신한알파리츠|롯데리츠|이지스밸류플러스리츠|NH프라임리츠|이지스레지던스리츠|코람코라이프인프라리츠|미래에셋맵스리츠|마스턴프리미어리츠|ESR켄달스퀘어리츠|디앤디플랫폼리츠|SK리츠|미래에셋글로벌리츠|NH올원리츠|신한서부티엔디리츠|코람코더원리츠|KB스타리츠|삼성FN리츠|한화리츠,삼성물산|삼성전자|SK하이닉스|현대차|기아|현대모비스|NAVER|카카오|포스코홀딩스|LG화학|LG|SK|CJ|롯데지주|한화|두산,,
리튬,리튬|포스코퓨처엠|세방전지|코스모화학|POSCO홀딩스|포스코엠텍|미래산업|광무|LG화학|중앙첨단소재|리튬포어스|에코프로|후성|미래나노텍|하이드로리튬|새빗켐|강원에너지|앱튼|천보|대보마그네틱|엔켐,삼성물산|삼성전자|SK하이닉스|현대차|기아|현대모비스|NAVER|카카오|포스코홀딩스|LG화학|LG|SK|CJ|롯데지주|한화|두산,,
마리화나(대마),마리화나|대마|오성첨단소재|씨티씨바이오|화일약품|비엘팜텍|우리바이오|한국비엔씨|엔에프씨|HLB바이오스텝|인벤티지랩|애머릿지,삼성물산|삼성전자|SK하이닉스|현대차|기아|현대모비스|NAVER|카카오|포스코홀딩스|LG화학|LG|SK|CJ|롯데지주|한화|두산,,
마스크,마스크|JW중외제약|동양|비비안|국제약품|깨끗한나라|모나리자|아가방컴퍼니|메디앙스|애경산업|조아제약|케이피엠테크|크린앤사이언스|코데즈컴바인|웰크론|휴비스|케이엠|동국제약|톱텍|디케이앤디|레몬,삼성물산|삼성전자|SK하이닉스|현대차|기아|현대모비스|NAVER|카카오|포스코홀딩스|LG화학|LG|SK|CJ|롯데지주|한화|두산,,
마이데이터,마이데이터|NICE평가정보|NAVER|세종텔레콤|유비벨록스|파수에이아이|아톤|핑거|파이오링크|헥토이노베이션|쿠콘|아이티아이즈,삼성물산|삼성전자|SK하이닉스|현대차|기아|현대모비스|NAVER|카카오|포스코홀딩스|LG화학|LG|SK|CJ|롯데지주|한화|두산,,
마이코플라스마 폐렴,마이코플라스마|폐렴|국제약품|팜젠사이언스|광동제약|경동제약|인트론바이오|멕아이씨에스|DXVX|젠큐릭스|수젠텍|국전|위더스제약|엑세스바이오,삼성물산|삼성전자|SK하이닉스|현대차|기아|현대모비스|NAVER|카카오|포스코홀딩스|LG화학|LG|SK|CJ|롯데지주|한화|두산,,
마이크로 LED,마이크로|LED|삼성전자|원풍물산|광전자|루멘스|서울반도체|큐에스아이|LG전자|코세스|영우디에스피|라온텍|사피엔반도체,삼성물산|삼성전자|SK하이닉스|현대차|기아|현대모비스|NAVER|카카오|포스코홀딩스|LG화학|LG|SK|CJ|롯데지주|한화|두산,,
마이크로바이옴,마이크로바이옴|콜마홀딩스|마크로젠|인트론바이오|쎌바이오텍|LG생활건강|종근당바이오|랩지노믹스|아모레퍼시픽|DXVX|HLB제넥스|유바이오로직스|비피도|에이치엘사이언스|지놈앤컴퍼니|고바이오랩|HEM파마|소마젠,삼성물산|삼성전자|SK하이닉스|현대차|기아|현대모비스|NAVER|카카오|포스코홀딩스|LG화학|LG|SK|CJ|롯데지주|한화|두산,,
마켓컬리(kurly),마켓컬리|kurly|SK네트웍스|태경케미컬|케이씨피드|팜스코|지어소프트|이씨에스|미래에셋벤처투자|우양|흥국에프엔비|DSC인베스트먼트,삼성물산|삼성전자|SK하이닉스|현대차|기아|현대모비스|NAVER|카카오|포스코홀딩스|LG화학|LG|SK|CJ|롯데지주|한화|두산,,
메타버스(Metaverse),메타버스|Metaverse|현대차|LG이노텍|대성창투|KT|LG유플러스|SBS|NAVER|카카오|에스넷|주연테크|한빛소프트|iMBC|이랜텍|엠게임|아진엑스텍|위세아이텍|큐에스아이|엘엠에스|뉴프렉스|코세스,삼성물산|삼성전자|SK하이닉스|현대차|기아|현대모비스|NAVER|카카오|포스코홀딩스|LG화학|LG|SK|CJ|롯데지주|한화|두산,,
면세점,면세점|신세계|호텔신라|HDC|한국정보통신|현대백화점|글로벌텍스프리|토니모리|JTC,삼성물산|삼성전자|SK하이닉스|현대차|기아|현대모비스|NAVER|카카오|포스코홀딩스|LG화학|LG|SK|CJ|롯데지주|한화|두산,,
면역항암제,면역항암제|유한양행|안국약품|HLB|오스코텍|에스티큐브|CG인바이츠|헬릭스미스|차바이오텍|이수앱지스|제넥신|큐리언트|리가켐바이오|지씨셀|동아에스티|앱클론|에이비프로바이오|신라젠|더코디|메드팩토|압타머사이언스,삼성물산|삼성전자|SK하이닉스|현대차|기아|현대모비스|NAVER|카카오|포스코홀딩스|LG화학|LG|SK|CJ|롯데지주|한화|두산,,
모더나(MODERNA),모더나|MODERNA|파미셀|녹십자|삼성바이오로직스|엔투텍|에스티팜|소마젠,삼성물산|삼성전자|SK하이닉스|현대차|기아|현대모비스|NAVER|카카오|포스코홀딩스|LG화학|LG|SK|CJ|롯데지주|한화|두산,,
모듈러주택,모듈러주택|코오롱글로벌|한신공영|POSCO홀딩스|GS건설|금강공업|삼성물산|자연과환경|덕신이피씨|에스와이|엔알비,삼성물산|삼성전자|SK하이닉스|현대차|기아|현대모비스|NAVER|카카오|포스코홀딩스|LG화학|LG|SK|CJ|롯데지주|한화|두산,,
모바일게임(스마트폰),모바일게임|스마트폰|플레이위드|NAVER|NC|네오위즈홀딩스|한빛소프트|이스트소프트|액토즈소프트|엠게임|컴투스홀딩스|조이시티|웹젠|컴투스|네오리진|네오위즈|위메이드맥스|위메이드|위메이드플레이|NHN|더블유게임즈|링크드,삼성물산|삼성전자|SK하이닉스|현대차|기아|현대모비스|NAVER|카카오|포스코홀딩스|LG화학|LG|SK|CJ|롯데지주|한화|두산,,
모바일솔루션(스마트폰),모바일솔루션|스마트폰|인포뱅크|다산네트웍스|폴라리스오피스|카페24|지어소프트|엠로|다날|포니링크|위세아이텍|이루온|유엔젤|텔코웨어|MDS테크|유라클|유비벨록스|갤럭시아머니트리|브레인즈컴퍼니|인지소프트|셀바스AI|이미지스,삼성물산|삼성전자|SK하이닉스|현대차|기아|현대모비스|NAVER|카카오|포스코홀딩스|LG화학|LG|SK|CJ|롯데지주|한화|두산,,
모바일콘텐츠(스마트폰/태블릿PC),모바일콘텐츠|스마트폰|태블릿PC|키다리스튜디오|KT|한글과컴퓨터|TJ미디어|NAVER|카카오|케이티알파|인포뱅크|YTN|폴라리스오피스|네오위즈홀딩스|KT지니뮤직|KG파이낸셜|한컴위드|YBM넷|티사이언티픽|컴투스홀딩스|다날|삼성출판사|플랜티넷,삼성물산|삼성전자|SK하이닉스|현대차|기아|현대모비스|NAVER|카카오|포스코홀딩스|LG화학|LG|SK|CJ|롯데지주|한화|두산,,
무선충전기술,무선충전기술|한솔테크닉스|삼성전자|LS|LG이노텍|웰킵스하이텍|이랜텍|알에프텍|LG전자|켐트로닉스|비에이치|아모센스|위츠,삼성물산|삼성전자|SK하이닉스|현대차|기아|현대모비스|NAVER|카카오|포스코홀딩스|LG화학|LG|CJ|롯데지주|한화|두산,,
미디어(방송/신문),미디어|방송|신문|디지틀조선|티비씨|SBS|콘텐트리중앙|한국경제TV|YTN|iMBC|스카이라이프|KNN|아시아경제|애니플러스,삼성물산|삼성전자|SK하이닉스|현대차|기아|현대모비스|NAVER|카카오|포스코홀딩스|LG화학|LG|SK|CJ|롯데지주|한화|두산,,
미용기기,미용기기|유한양행|대웅제약|휴온스글로벌|메디톡스|휴젤|하이로닉|레이저옵텍|휴메딕스|클래시스|파마리서치|제테마|한국비티비|동방메디컬|한국비엔씨|에이피알|원텍|아스테라시스|라메디텍|달바글로벌,삼성물산|삼성전자|SK하이닉스|현대차|기아|현대모비스|NAVER|카카오|포스코홀딩스|LG화학|LG|SK|CJ|롯데지주|한화|두산,,
바이오 / 제약,바이오|제약|신약|메디|팜|켐|셀트리온|알테오젠|리가켐|유한양행|한미약품|종근당|대웅제약|보령|삼천당제약|퓨쳐켐,삼성물산|삼성전자|SK하이닉스|현대차|기아|현대모비스|NAVER|카카오|포스코홀딩스|LG화학|LG|SK|CJ|롯데지주|한화|두산,,
바이오시밀러(복제 바이오의약품),바이오시밀러|복제|바이오의약품|바이오|제약|신약|메디|팜|켐|셀트리온|알테오젠|리가켐|삼천당제약|에이프로젠바이오로직스|보령|녹십자|에이프로젠|한올바이오파마|LG화학|바이넥스|선바이오|셀트리온제약|대웅제약|이수앱지스|한미약품|동아에스티|종근당|팬젠|프레스티지바이오로직스|프레스티지바이오파마,삼성물산|삼성전자|SK하이닉스|현대차|기아|현대모비스|NAVER|카카오|포스코홀딩스|LG화학|LG|SK|CJ|롯데지주|한화|두산,,
바이오인식(생체인식),바이오인식|생체인식|바이오|제약|신약|메디|팜|켐|셀트리온|알테오젠|리가켐|에프에스티|라온시큐어|파워로직스|해성옵틱스|유니퀘스트|파트론|동운아나텍|슈프리마에이치큐|엠씨넥스|시큐브|드림텍|유니온바이오메트릭스|드림시큐리티|포톤|아이티센피엔에스|슈프리마|엑스페릭스|시선AI|알체라,삼성물산|삼성전자|SK하이닉스|현대차|기아|현대모비스|NAVER|카카오|포스코홀딩스|LG화학|LG|SK|CJ|롯데지주|한화|두산,,
반도체,반도체|하이닉스|전자|하이텍|테크|공업|IPS|ISC|HPSP|이오테크닉스|리노공업|SK하이닉스|삼성전자,삼성물산|현대차|기아|현대모비스|NAVER|카카오|포스코홀딩스|LG화학|LG|SK|CJ|롯데지주|한화|두산,,
반도체 대표주(생산),반도체|대표주|생산|하이닉스|전자|하이텍|테크|공업|IPS|ISC|HPSP|이오테크닉스|리노공업|SK하이닉스|DB하이텍|삼성전자,삼성물산|현대차|기아|현대모비스|NAVER|카카오|포스코홀딩스|LG화학|LG|SK|CJ|롯데지주|한화|두산,,
반도체 장비,반도체|장비|하이닉스|전자|하이텍|테크|공업|IPS|ISC|HPSP|이오테크닉스|리노공업|디아이|신성이엔지|미래산업|케이씨|원익홀딩스|피에스케이홀딩스|에이치엠넥스|유니셈|SFA반도체|에프에스티|주성엔지니어링|성도이엔지|에스티아이|이엘씨|한미반도체|한양이엔지|성우테크론|기가레인|케이엔솔,삼성물산|현대차|기아|현대모비스|NAVER|카카오|포스코홀딩스|LG화학|LG|SK|CJ|롯데지주|한화|두산,,
반도체 재료/부품,반도체|재료|부품|하이닉스|전자|하이텍|테크|공업|IPS|ISC|HPSP|이오테크닉스|리노공업|두산|SP삼화|롯데정밀화학|동진쎄미켐|한솔케미칼|HLB이노베이션|KPX케미칼|시노펙스|에스에이엠티|엠케이전자|네패스|위지트|에프에스티|웰킵스하이텍|KX하이텍|미코|3S|티씨케이|하나마이크론|원익QnC,삼성물산|현대차|기아|현대모비스|NAVER|카카오|포스코홀딩스|LG화학|LG|SK|CJ|롯데지주|한화|두산,,
방위산업/전쟁 및 테러,방위산업|전쟁|테러|기아|한화|혜인|대한항공|SNT다이내믹스|풍산홀딩스|휴니드|국영지앤엠|HD한국조선해양|대한광통신|아이티센엔텍|퍼스텍|현대위아|삼미금속|한화에어로스페이스|스페코|코콤|한일단조|우리기술|기산텔레콤,삼성물산|삼성전자|SK하이닉스|현대차|기아|현대모비스|NAVER|카카오|포스코홀딩스|LG화학|LG|SK|CJ|롯데지주|한화|두산,,
"백신/진단시약/방역(신종플루, AI 등)",백신|진단시약|방역|신종플루|AI|인공지능|데이터|소프트웨어|솔루션|클라우드|반도체|유한양행|에이프로젠바이오로직스|일성아이에스|보령|녹십자홀딩스|녹십자|일양약품|광동제약|진원생명과학|고려제약|우진비앤지|신풍제약|체시스|오상헬스케어|대성미생물|코미팜|파루|이글벳|인트론바이오|대한뉴팜,삼성물산|삼성전자|SK하이닉스|현대차|기아|현대모비스|NAVER|카카오|포스코홀딩스|LG화학|LG|SK|CJ|롯데지주|한화|두산,,
백화점,백화점|신세계|대구백화점|롯데쇼핑|광주신세계|현대백화점|한화갤러리아,삼성물산|삼성전자|SK하이닉스|현대차|기아|현대모비스|NAVER|카카오|포스코홀딩스|LG화학|LG|SK|CJ|롯데지주|한화|두산,,
밸류업(24년 기업가치 제고계획 발표),밸류업|24년|기업가치|제고계획|발표|유한양행|기아|SK하이닉스|DB하이텍|세아베스틸지주|SK네트웍스|아모레퍼시픽홀딩스|유안타증권|대한항공|LG|포스코퓨처엠|신세계|롯데지주|롯데칠성|현대차|현대지에프홀딩스|POSCO홀딩스|동원산업|미래에셋증권|AK홀딩스,삼성물산|삼성전자|SK하이닉스|현대차|기아|현대모비스|NAVER|카카오|포스코홀딩스|LG화학|LG|SK|CJ|롯데지주|한화|두산,,
밸류업(25년 기업가치 제고계획 발표),밸류업|25년|기업가치|제고계획|발표|현대건설|삼성화재|DB하이텍|JW중외제약|KG케미칼|현대차증권|DI동일|KCC|삼양식품|대한항공|대신증권|농심|세방전지|DB손해보험|이수페타시스|일정실업|한미사이언스|영원무역홀딩스|HMM|금호석유화학,삼성물산|삼성전자|SK하이닉스|현대차|기아|현대모비스|NAVER|카카오|포스코홀딩스|LG화학|LG|SK|CJ|롯데지주|한화|두산,,
보안주(물리),보안주|물리|피제이전자|에스원|현대에이치티|인콘|픽셀플러스|앤씨앤|슈프리마에이치큐|카티스|아이디스|슈프리마|이랜시스|이노뎁|포커스에이아이|시선AI|싸이버원|트루엔|벨로크|지슨|한화비전,삼성물산|삼성전자|SK하이닉스|현대차|기아|현대모비스|NAVER|카카오|포스코홀딩스|LG화학|LG|SK|CJ|롯데지주|한화|두산,,
보안주(정보),보안주|정보|에스원|다우데이타|에스넷|한국전자인증|라온시큐어|이스트소프트|비트플래닛|오픈베이스|수산아이앤티|한국정보인증|이니텍|안랩|한컴위드|티사이언티픽|이글루|플랜티넷|가비아|시큐브|윈스테크넷|파수에이아이,삼성물산|삼성전자|SK하이닉스|현대차|기아|현대모비스|NAVER|카카오|포스코홀딩스|LG화학|LG|SK|CJ|롯데지주|한화|두산,,
보톡스(보툴리눔톡신),보톡스|보툴리눔톡신|알에프텍|대웅제약|휴온스글로벌|메디톡스|디에스케이|휴젤|휴메딕스|유바이오로직스|파마리서치|제테마|휴온스|한국비엔씨|청담글로벌,삼성물산|삼성전자|SK하이닉스|현대차|기아|현대모비스|NAVER|카카오|포스코홀딩스|LG화학|LG|SK|CJ|롯데지주|한화|두산,,
부동산 보유 자산주,부동산|보유|자산주|경방|천일고속|BYC|DI동일|일신방직|하림지주|방림|SG세계물산|신세계|롯데칠성|신영와코루|동원산업|KCTC|아이에스동서|신도리코|삼표시멘트|동양고속|대성산업|이마트|IPARK현대산업개발,삼성물산|삼성전자|SK하이닉스|현대차|기아|현대모비스|NAVER|카카오|포스코홀딩스|LG화학|LG|SK|CJ|롯데지주|한화|두산,,
블록체인,블록체인|유수홀딩스|LG|SK텔레콤|삼성에스디에스|대성창투|KT|SK|NAVER|카카오|케이엘넷|한국전자인증|네오위즈홀딩스|라온시큐어|이니텍|한컴위드|위메이드|아이티센글로벌|시큐브|파수에이아이|SGA솔루션즈,삼성물산|삼성전자|SK하이닉스|현대차|기아|현대모비스|NAVER|카카오|포스코홀딩스|LG화학|LG|SK|CJ|롯데지주|한화|두산,,
비료,비료|KG케미칼|조비|롯데정밀화학|태경비케이|유니드|남해화학|체시스|농우바이오|효성오앤비|누보,삼성물산|삼성전자|SK하이닉스|현대차|기아|현대모비스|NAVER|카카오|포스코홀딩스|LG화학|LG|SK|CJ|롯데지주|한화|두산,,
비만치료제,비만치료제|유한양행|삼천당제약|한독|신신제약|대원제약|광동제약|HLB제약|시너지이노베이션|LG화학|대화제약|셀트리온제약|대웅제약|대봉엘에스|펩트론|넥스턴앤롤코리아|제넥신|한미약품|나이벡|동아에스티|DXVX,삼성물산|삼성전자|SK하이닉스|현대차|기아|현대모비스|NAVER|카카오|포스코홀딩스|LG화학|LG|SK|CJ|롯데지주|한화|두산,,
비철금속,비철금속|영풍|DI동일|알루코|현대비앤지스틸|풍산홀딩스|삼아알미늄|남선알미늄|대양금속|포스코엠텍|이렘|고려아연|대창|태경산업|조일알미늄|서원|이구산업|황금에스티|쎄니트|국일신동|티플랙스,삼성물산|삼성전자|SK하이닉스|현대차|기아|현대모비스|NAVER|카카오|포스코홀딩스|LG화학|LG|SK|CJ|롯데지주|한화|두산,,
사료,사료|대한제당|고려산업|한탑|대주산업|한일사료|우성|사조동아원|우진비앤지|케이씨피드|팜스토리|이지홀딩스|팜스코|씨티씨바이오|선진|애드바이오텍|미래생명자원|이지바이오|오에스피,삼성물산|삼성전자|SK하이닉스|현대차|기아|현대모비스|NAVER|카카오|포스코홀딩스|LG화학|LG|SK|CJ|롯데지주|한화|두산,,
삼성페이,삼성페이|한솔테크닉스|효성|삼성전자|한국정보통신|삼성카드|KG이니시스|나이스정보통신|라온시큐어|KG파이낸셜|코나아이|아모텍|한국정보인증|제이케이시냅스|알에프텍|다날|이루온|유비벨록스|파트론|효성ITX|갤럭시아머니트리,삼성물산|삼성전자|SK하이닉스|현대차|기아|현대모비스|NAVER|카카오|포스코홀딩스|LG화학|LG|SK|CJ|롯데지주|한화|두산,,
생명보험,생명보험|코리안리|삼성생명|동양생명|미래에셋생명|한화생명,삼성물산|삼성전자|SK하이닉스|현대차|기아|현대모비스|NAVER|카카오|포스코홀딩스|LG화학|LG|SK|CJ|롯데지주|한화|두산,,
서울고속버스터미널 재개발 수혜,서울고속버스터미널|재개발|수혜|천일고속|신세계|동원산업|동양고속|대성산업,삼성물산|삼성전자|SK하이닉스|현대차|기아|현대모비스|NAVER|카카오|포스코홀딩스|LG화학|LG|SK|CJ|롯데지주|한화|두산,,
석유화학,석유화학|태광산업|이수화학|대한유화|한화솔루션|롯데케미칼|금호석유화학|SKC|KPX케미칼|LG화학|그린케미칼|SK이노베이션|동성케미컬|티케이케미칼|코오롱인더|삼양사|애경케미칼|SK케미칼,삼성물산|삼성전자|SK하이닉스|현대차|기아|현대모비스|NAVER|카카오|포스코홀딩스|LG화학|LG|SK|CJ|롯데지주|한화|두산,,
셰일가스(Shale Gas),셰일가스|Shale|Gas|SH에너지화학|한국전력|E1|한국카본|SK가스|두산에너빌리티|한국가스공사|포스코인터내셔널|비에이치아이|SNT에너지|우림피티에스,삼성물산|삼성전자|SK하이닉스|현대차|기아|현대모비스|NAVER|카카오|포스코홀딩스|LG화학|LG|SK|CJ|롯데지주|한화|두산,,
소매유통,소매유통|신세계|대구백화점|GS리테일|호텔신라|롯데쇼핑|그래디언트|광주신세계|지어소프트|현대홈쇼핑|엑시온그룹|현대백화점|롯데하이마트|이마트|BGF리테일|오아|청담글로벌|스튜디오삼익|한화갤러리아,삼성물산|삼성전자|SK하이닉스|현대차|기아|현대모비스|NAVER|카카오|포스코홀딩스|LG화학|LG|SK|CJ|롯데지주|한화|두산,,
소캠(SOCAMM),소캠|SOCAMM|SK하이닉스|삼성전자|코리아써키트|엠케이전자|ISC|펨트론|심텍|LB인베스트먼트|대덕전자|티엘비|티에프이,삼성물산|삼성전자|SK하이닉스|현대차|기아|현대모비스|NAVER|카카오|포스코홀딩스|LG화학|LG|SK|CJ|롯데지주|한화|두산,,
손해보험,손해보험|한화손해보험|롯데손해보험|흥국화재|삼성화재|현대해상|코리안리|DB손해보험|서울보증보험,삼성물산|삼성전자|SK하이닉스|현대차|기아|현대모비스|NAVER|카카오|포스코홀딩스|LG화학|LG|SK|CJ|롯데지주|한화|두산,,
수산,수산|한성기업|사조대림|신라교역|동원산업|사조오양|사조산업|CJ씨푸드|사조씨푸드|신라에스지|동원수산,삼성물산|삼성전자|SK하이닉스|현대차|기아|현대모비스|NAVER|카카오|포스코홀딩스|LG화학|LG|SK|CJ|롯데지주|한화|두산,,
수소,수소|연료전지|퓨얼셀|하이솔루스|비나텍|효성|제이엔케이|두산퓨얼셀|에스퓨얼셀|한화솔루션,삼성물산|삼성전자|SK하이닉스|NAVER|카카오|포스코홀딩스|LG화학|LG|SK|CJ|롯데지주|한화,,
수소에너지(수소차/연료전지 등),수소에너지|수소차|연료전지|수소|퓨얼셀|하이솔루스|비나텍|효성|제이엔케이|두산퓨얼셀|에스퓨얼셀|기아|대원강업|현대제철|현대차|아진전자부품|모토닉|한화솔루션|평화홀딩스|삼화전자|유니크|뉴인텍|아진산업|디와이|지엠비코리아|한온시스템|티에이치엔|일지테크|인지컨트롤스|풍국주정|시노펙스,삼성물산|삼성전자|SK하이닉스|NAVER|카카오|포스코홀딩스|LG화학|LG|SK|CJ|롯데지주|한화,,
수자원(양적/질적 개선),수자원|양적|질적|개선|한국주철관|KG케미칼|도화엔지니어링|금호건설|코오롱글로벌|GS건설|KBI동양철관|태영건설|에너토크|코웨이|티케이지애강|한국종합기술|시노펙스|우리기술|두산에너빌리티|자연과환경|대우건설|비츠로시스|유신|뉴보텍,삼성물산|삼성전자|SK하이닉스|현대차|기아|현대모비스|NAVER|카카오|포스코홀딩스|LG화학|LG|SK|CJ|롯데지주|한화|두산,,
스마트그리드(지능형전력망),스마트그리드|지능형전력망|전력|전기|일렉트릭|ELECTRIC|변압기|전선|LS|효성중공업|제룡|일진전기|삼화콘덴서|피에스텍|인스코비|코콤|일진홀딩스|포스코DX|누리플렉스|아이앤씨|비츠로시스|옴니시스템|CS|비츠로셀|스맥|아모그린텍|한전산업|서전기전|피앤씨테크|지투파워,삼성물산|삼성전자|SK하이닉스|현대차|기아|현대모비스|NAVER|카카오|포스코홀딩스|LG화학|LG|CJ|롯데지주|한화|두산,,
스마트카(SMART CAR),스마트카|SMART|CAR|DB하이텍|LG이노텍|현대모비스|아이에이|인포뱅크|세코닉스|MDS테크|모바일어플라이언스|유비벨록스|엠씨넥스|모트렉스|HL만도|오비고,삼성물산|삼성전자|SK하이닉스|현대차|기아|현대모비스|NAVER|카카오|포스코홀딩스|LG화학|LG|SK|CJ|롯데지주|한화|두산,,
스마트팩토리(스마트공장),스마트팩토리|스마트공장|LG|삼익THK|엠엑스로보틱스|한신기계|더존비즈온|삼성에스디에스|포스코DX|SK|TPC로보틱스|오픈베이스|에스에프에이|아진엑스텍|LG씨엔에스|동국알앤에스|비엠티|MDS테크|휴림로봇|효성ITX|고영|스맥,삼성물산|삼성전자|SK하이닉스|현대차|기아|현대모비스|NAVER|카카오|포스코홀딩스|LG화학|LG|SK|CJ|롯데지주|한화|두산,,
스마트폰,스마트폰|삼성전자|삼성SDI|LG이노텍|시노펙스|피델릭스|자화전자|LG디스플레이|아비코전자|웰킵스하이텍|파워로직스|인탑스|기가레인|유아이엘|캠시스|토비스|인터플렉스|아모텍|아이앤씨|한국컴퓨터|테이팩스,삼성물산|삼성전자|SK하이닉스|현대차|기아|현대모비스|NAVER|카카오|포스코홀딩스|LG화학|LG|SK|CJ|롯데지주|한화|두산,,
스마트홈(홈네트워크),스마트홈|홈네트워크|피에스텍|삼성전자|경동나비엔|에스원|코콤|SK텔레콤|포스코DX|KT|LG유플러스|엠젠솔루션|에스넷|현대에이치티|HDC랩스|누리플렉스|위닉스|옴니시스템|CS|LG전자|현대리바트|한울소재과학,삼성물산|삼성전자|SK하이닉스|현대차|기아|현대모비스|NAVER|카카오|포스코홀딩스|LG화학|LG|SK|CJ|롯데지주|한화|두산,,
스테이블코인,스테이블코인|NAVER|KG이니시스|라온시큐어|KG파이낸셜|한국정보인증|한컴위드|다날|LG씨엔에스|위메이드|아이티센글로벌|아톤|핑거|뱅크웨어글로벌|미투온|드림시큐리티|넥써쓰|헥토이노베이션|사토시홀딩스|아이티센피엔에스|헥토파이낸셜,삼성물산|삼성전자|SK하이닉스|현대차|기아|현대모비스|NAVER|카카오|포스코홀딩스|LG화학|LG|SK|CJ|롯데지주|한화|두산,,
스페이스X(SpaceX),스페이스X|SpaceX|세아베스틸지주|미래에셋증권|아주IB투자|미래에셋벤처투자|와이제이링크|이녹스첨단소재|켄코아에어로스페이스|에이치브이엠|센서뷰|스피어|LG에너지솔루션|나노팀,삼성물산|삼성전자|SK하이닉스|현대차|기아|현대모비스|NAVER|카카오|포스코홀딩스|LG화학|LG|SK|CJ|롯데지주|한화|두산,,
"스포츠행사 수혜(올림픽, 월드컵 등)",스포츠행사|수혜|올림픽|월드컵|하이트진로|하이트진로홀딩스|팜스토리|마니커|SBS|이지홀딩스|SOOP|동우팜투테이블|하림,삼성물산|삼성전자|SK하이닉스|현대차|기아|현대모비스|NAVER|카카오|포스코홀딩스|LG화학|LG|SK|CJ|롯데지주|한화|두산,,
시멘트/레미콘,시멘트|레미콘|유니온|동양|성신양회|모헨즈|부산산업|유진기업|쎄니트|삼표시멘트|HC홈센타|서산|아세아시멘트|강동씨앤엘|HC보광산업|SG|한일시멘트,삼성물산|삼성전자|SK하이닉스|현대차|기아|현대모비스|NAVER|카카오|포스코홀딩스|LG화학|LG|SK|CJ|롯데지주|한화|두산,,
시스템반도체,시스템반도체|반도체|하이닉스|전자|하이텍|테크|공업|IPS|ISC|HPSP|이오테크닉스|리노공업|SK하이닉스|DB하이텍|디아이|삼성전자|시그네틱스|네패스|SFA반도체|아이에이|한미반도체|코아시아|아이앤씨|텔레칩스|아진엑스텍|LB세미콘|하나마이크론|오디텍|테크윙|앤씨앤|매커스,삼성물산|현대차|기아|현대모비스|NAVER|카카오|포스코홀딩스|LG화학|LG|SK|CJ|롯데지주|한화|두산,,
신재생에너지,신재생에너지|신재생|에너지|에너지솔루션|대명에너지|이터닉스|SDN|신성이엔지|에스에너지|풍력|태양광|한화솔루션,삼성물산|삼성전자|SK하이닉스|현대차|기아|현대모비스|NAVER|카카오|포스코홀딩스|LG화학|LG|SK|CJ|롯데지주|한화|두산,,
아스콘(아스팔트 콘크리트),아스콘|아스팔트|콘크리트|한국석유|스페코|극동유화|유진기업|아이티센씨티에스|엔피케이|HC홈센타|HC보광산업|SG,삼성물산|삼성전자|SK하이닉스|현대차|기아|현대모비스|NAVER|카카오|포스코홀딩스|LG화학|LG|SK|CJ|롯데지주|한화|두산,,
아이폰,아이폰|SK하이닉스|영풍|삼성전자|삼성SDI|삼성전기|LG이노텍|LG디스플레이|인터플렉스|LG화학|프로텍|아이티엠반도체|비에이치|LX세미콘|하이비젼시스템|슈피겐코리아|덕산네오룩스|앤디포스|와이엠티|덕우전자|이녹스첨단소재,삼성물산|삼성전자|SK하이닉스|현대차|기아|현대모비스|NAVER|카카오|포스코홀딩스|LG화학|LG|SK|CJ|롯데지주|한화|두산,,
아프리카 돼지열병(ASF),아프리카|돼지열병|ASF|한일사료|우성|태경비케이|우진비앤지|신라에스지|팜스토리|마니커|체시스|이지홀딩스|대성미생물|팜스코|코미팜|파루|이글벳|대한뉴팜|씨티씨바이오|중앙백신|우리손에프앤지|진바이오텍|동우팜투테이블,삼성물산|삼성전자|SK하이닉스|현대차|기아|현대모비스|NAVER|카카오|포스코홀딩스|LG화학|LG|SK|CJ|롯데지주|한화|두산,,
애플페이,애플페이|한국정보통신|NICE|KG이니시스|나이스정보통신|KG파이낸셜|이루온|엑스플러스,삼성물산|삼성전자|SK하이닉스|현대차|기아|현대모비스|NAVER|카카오|포스코홀딩스|LG화학|LG|SK|CJ|롯데지주|한화|두산,,
야놀자(Yanolja),야놀자|Yanolja|한화투자증권|SBI인베스트먼트|아주IB투자|그래디언트|한화생명,삼성물산|삼성전자|SK하이닉스|현대차|기아|현대모비스|NAVER|카카오|포스코홀딩스|LG화학|LG|SK|CJ|롯데지주|한화|두산,,
양자암호/양자컴퓨팅,양자암호|양자컴퓨팅|SK텔레콤|KT|LG유플러스|라온시큐어|우리로|쏠리드|한국정보인증|한컴위드|코위버|한국첨단소재|큐에스아이|한울소재과학|우리넷|케이씨에스|알엔티엑스|파인텍|아톤|에이엘티|드림시큐리티|포톤,삼성물산|삼성전자|SK하이닉스|현대차|기아|현대모비스|NAVER|카카오|포스코홀딩스|LG화학|LG|SK|CJ|롯데지주|한화|두산,,
엔젤산업,엔젤산업|삼익악기|남양유업|모나미|아가방컴퍼니|메디앙스|대교|예림당|오로라|정상제이엘에스|대원미디어|손오공|삼성출판사|네오팜|웅진씽크빅|제로투세븐|토박스코리아|매일유업|에피소드컴퍼니|더핑크퐁컴퍼니|꿈비,삼성물산|삼성전자|SK하이닉스|현대차|기아|현대모비스|NAVER|카카오|포스코홀딩스|LG화학|LG|SK|CJ|롯데지주|한화|두산,,
엔터테인먼트,엔터테인먼트|아센디오|TJ미디어|판타지오|카카오|콘텐트리중앙|에스엠|KT지니뮤직|빌리언스|삼화네트웍스|초록뱀미디어|큐로홀딩스|키이스트|팬엔터테인먼트|스테이지원엔터|와이지엔터테인먼트|티엔엔터테인먼트|NEW|에프엔씨엔터|큐브엔터|아티스트스튜디오,삼성물산|삼성전자|SK하이닉스|현대차|기아|현대모비스|NAVER|카카오|포스코홀딩스|LG화학|LG|SK|CJ|롯데지주|한화|두산,,
여름,여름|하이트진로|보해양조|DI동일|조비|신일전자|빙그레|롯데칠성|태경케미컬|코웨이|남해화학|팜스토리|마니커|이지홀딩스|파세코|에스씨디|에쎈테크|위닉스|LG생활건강|3S|오텍,삼성물산|삼성전자|SK하이닉스|현대차|기아|현대모비스|NAVER|카카오|포스코홀딩스|LG화학|LG|SK|CJ|롯데지주|한화|두산,,
여행,여행|롯데관광개발|그래디언트|레드캡투어|하나투어|세중|모두투어|참좋은여행|노랑풍선,삼성물산|삼성전자|SK하이닉스|현대차|기아|현대모비스|NAVER|카카오|포스코홀딩스|LG화학|LG|SK|CJ|롯데지주|한화|두산,,
영상콘텐츠,영상콘텐츠|바른손|SBS|바른손이앤에이|콘텐트리중앙|삼화네트웍스|초록뱀미디어|대원미디어|큐로홀딩스|키이스트|팬엔터테인먼트|쇼박스|KX|NEW|에프엔씨엔터|아티스트스튜디오|덱스터|캔버스엔|에이스토리|스튜디오드래곤|자이언트스텝,삼성물산|삼성전자|SK하이닉스|현대차|기아|현대모비스|NAVER|카카오|포스코홀딩스|LG화학|LG|SK|CJ|롯데지주|한화|두산,,
영화,영화|아센디오|바른손|롯데쇼핑|바른손이앤에이|CJ|콘텐트리중앙|쎄니트|쇼박스|NEW|덱스터|포바이포,삼성물산|삼성전자|SK하이닉스|현대차|기아|현대모비스|NAVER|카카오|포스코홀딩스|LG화학|LG|SK|CJ|롯데지주|한화|두산,,
오가노이드,오가노이드|JW중외제약|일신바이오|삼성바이오로직스|강스템바이오텍|드림씨아이에스|티앤알바이오팹|토모큐브|오가노이드사이언스,삼성물산|삼성전자|SK하이닉스|현대차|기아|현대모비스|NAVER|카카오|포스코홀딩스|LG화학|LG|SK|CJ|롯데지주|한화|두산,,
온디바이스 AI,온디바이스|AI|인공지능|데이터|소프트웨어|솔루션|클라우드|반도체|SK하이닉스|삼성전자|삼성전기|네패스|텔레칩스|리노공업|유니퀘스트|제주반도체|칩스앤미디어|어보브반도체|에이팩트|에이디테크놀로지|심텍|태성|네패스아크|대덕전자|마음AI|오픈엣지테크놀로지|가온칩스|HPSP,삼성물산|삼성전자|SK하이닉스|현대차|기아|현대모비스|NAVER|카카오|포스코홀딩스|LG화학|LG|SK|CJ|롯데지주|한화|두산,,
온실가스(탄소배출권)/탄소 포집·활용·저장(CCUS),온실가스|탄소배출권|탄소|포집|활용|저장|CCUS|동방|SGC에너지|이건산업|유니드|한솔홈데코|SJG세종|에이치엠넥스|에코심플렉스|미코|TKG휴켐스|그린케미칼|에코프로|후성|에어레인|켐트로스|에코프로에이치엔|에코아이,삼성물산|삼성전자|SK하이닉스|현대차|기아|현대모비스|NAVER|카카오|포스코홀딩스|LG화학|LG|SK|CJ|롯데지주|한화|두산,,
요소수,요소수|유니온|KG케미칼|롯데정밀화학|유니온머티리얼|TKG휴켐스,삼성물산|삼성전자|SK하이닉스|현대차|기아|현대모비스|NAVER|카카오|포스코홀딩스|LG화학|LG|SK|CJ|롯데지주|한화|두산,,
우주태양광(페로브스카이트 등),우주태양광|페로브스카이트|태양광|에너지솔루션|OCI|SDN|신성이엔지|에스에너지|대명에너지|이터닉스|윌링스|파루|한화솔루션|한국전력|대주전자재료|유니테스트|선익시스템|메카로|야스|HD현대에너지솔루션|석경에이티|엘케이켐,삼성물산|삼성전자|SK하이닉스|현대차|기아|현대모비스|NAVER|카카오|포스코홀딩스|LG화학|LG|SK|CJ|롯데지주|한화|두산,,
우주항공산업(누리호/인공위성 등),우주항공산업|누리호|인공위성|한화|세아베스틸지주|대한항공|이수페타시스|퍼스텍|한화에어로스페이스|한글과컴퓨터|비츠로테크|태웅|한양이엔지|한국항공우주|에스에프에이|현대로템|덕산하이메탈|상아프론테크|쎄트렉아이|인텔리안테크|AP위성|LK삼양|한화시스템,삼성물산|삼성전자|SK하이닉스|현대차|기아|현대모비스|NAVER|카카오|포스코홀딩스|LG화학|LG|SK|CJ|롯데지주|한화|두산,,
우크라이나 재건,우크라이나|재건|대동|현대건설|도화엔지니어링|TYM|혜인|대동기어|퍼스텍|현대코퍼레이션|스페코|수산세보틱스|서연탑메탈|대동금속|에쓰씨엔지니어링|파라텍|희림|다산네트웍스|폴라리스AI|현대에버다임|포스코인터내셔널|프리엠스,삼성물산|삼성전자|SK하이닉스|현대차|기아|현대모비스|NAVER|카카오|포스코홀딩스|LG화학|LG|SK|CJ|롯데지주|한화|두산,,
원격진료/비대면진료(U-Healthcare),원격진료|비대면진료|Healthcare|녹십자홀딩스|GC메디아이|소프트센|비트컴퓨터|인성정보|마크로젠|나노엔텍|인바디|인피니트헬스케어|메디포스트|차바이오텍|이지케어텍|뷰웍스|알서포트|케어랩스|다이나믹솔루션|제이엘케이|스피어|토마토시스템|블루엠텍,삼성물산|삼성전자|SK하이닉스|현대차|기아|현대모비스|NAVER|카카오|포스코홀딩스|LG화학|LG|SK|CJ|롯데지주|한화|두산,,
원자력발전,원자력발전|현대건설|대한전선|GS건설|보성파워텍|에이프로젠|한신기계|삼미금속|하이록코리아|성광벤드|한국전력|에너토크|태광|우리기술|두산에너빌리티|금화피에스시|HRS|제일테크노스|태웅|한양이엔지|오르비텍,삼성물산|삼성전자|SK하이닉스|현대차|기아|현대모비스|NAVER|카카오|포스코홀딩스|LG화학|LG|SK|CJ|롯데지주|한화|두산,,
원자력발전소 해체,원자력발전소|해체|현대건설|우리기술|두산에너빌리티|비츠로테크|오르비텍|한전KPS|한전기술|비에이치아이|대창솔루션|한텍|에스앤더블류|우진|원일티엔아이|케이엔알시스템|위드텍,삼성물산|삼성전자|SK하이닉스|현대차|기아|현대모비스|NAVER|카카오|포스코홀딩스|LG화학|LG|SK|CJ|롯데지주|한화|두산,,
웹툰,웹툰|키다리스튜디오|NAVER|카카오|대원미디어|조이시티|수성웹툰|탑코미디어|NHN|미투온|미스터블루|엔비티|이스트에이드|디앤씨미디어|핑거스토리|와이랩,삼성물산|삼성전자|SK하이닉스|현대차|기아|현대모비스|NAVER|카카오|포스코홀딩스|LG화학|LG|SK|CJ|롯데지주|한화|두산,,
유리 기판,유리|기판|삼성전기|SKC|아이씨디|미래컴퍼니|HB테크놀러지|에프엔에스테크|켐트로닉스|와이씨켐|필옵틱스|램테크놀러지|제이앤티씨|씨앤지하이테크|나인테크|이노메트리|태성|기가비스|하스|한빛레이저|피아이이|아이비젼웍스,삼성물산|삼성전자|SK하이닉스|현대차|기아|현대모비스|NAVER|카카오|포스코홀딩스|LG화학|LG|SK|CJ|롯데지주|한화|두산,,
유심(USIM),유심|USIM|옴니시스템|이루온|엑스큐어|성우전자|유비벨록스,삼성물산|삼성전자|SK하이닉스|현대차|기아|현대모비스|NAVER|카카오|포스코홀딩스|LG화학|LG|SK|CJ|롯데지주|한화|두산,,
유전자 치료제/분석,유전자|치료제|분석|녹십자|진원생명과학|마크로젠|HLB파나진|바이오니아|테라젠이텍스|CG인바이츠|랩지노믹스|헬릭스미스|아미코젠|제넥신|씨젠|코오롱생명과학|제이에스링크|에스디바이오센서|앱클론|HLB제넥스|툴젠|신라젠|제놀루션,삼성물산|삼성전자|SK하이닉스|현대차|기아|현대모비스|NAVER|카카오|포스코홀딩스|LG화학|LG|SK|CJ|롯데지주|한화|두산,,
육계,육계|팜스토리|마니커|이지홀딩스|체리부로|동우팜투테이블|하림|마니커에프앤지|푸드나무|교촌에프앤비,삼성물산|삼성전자|SK하이닉스|현대차|기아|현대모비스|NAVER|카카오|포스코홀딩스|LG화학|LG|SK|CJ|롯데지주|한화|두산,,
윤활유,윤활유|한국쉘석유|미창석유|극동유화|흥구석유|GS|SK이노베이션,삼성물산|삼성전자|SK하이닉스|현대차|기아|현대모비스|NAVER|카카오|포스코홀딩스|LG화학|LG|SK|CJ|롯데지주|한화|두산,,
은행,은행|제주은행|기업은행|신한지주|하나금융지주|KB금융|BNK금융지주|iM금융지주|JB금융지주|케이뱅크|우리금융지주|카카오뱅크,삼성물산|삼성전자|SK하이닉스|현대차|기아|현대모비스|NAVER|카카오|포스코홀딩스|LG화학|LG|SK|CJ|롯데지주|한화|두산,,
음성인식,음성인식|현대모비스|코콤|NAVER|카카오|파인디지털|현대에이치티|브리지텍|가온그룹|파트론|셀바스AI|미디어젠,삼성물산|삼성전자|SK하이닉스|현대차|기아|현대모비스|NAVER|카카오|포스코홀딩스|LG화학|LG|SK|CJ|롯데지주|한화|두산,,
음식료업종,음식료업종|하이트진로|하이트진로홀딩스|대한제분|태원물산|대상|대한제당|조흥|한탑|삼양식품|남양유업|농심|서울식품|빙그레|롯데칠성|삼립|푸드웰|신송홀딩스|오뚜기|네이처셀|사조동아원,삼성물산|삼성전자|SK하이닉스|현대차|기아|현대모비스|NAVER|카카오|포스코홀딩스|LG화학|LG|SK|CJ|롯데지주|한화|두산,,
음원/음반,음원|음반|판타지오|카카오|에스엠|KT지니뮤직|드림어스컴퍼니|다날|NHN벅스|와이지엔터테인먼트|에프엔씨엔터|하이브|알비더블유|더핑크퐁컴퍼니,삼성물산|삼성전자|SK하이닉스|현대차|기아|현대모비스|NAVER|카카오|포스코홀딩스|LG화학|LG|SK|CJ|롯데지주|한화|두산,,
의료AI,의료AI|AI|인공지능|데이터|소프트웨어|솔루션|클라우드|반도체|인성정보|폴라리스오피스|메디아나|랩지노믹스|이지케어텍|셀바스AI|제이에스링크|셀바스헬스케어|드림씨아이에스|신테카바이오|젠큐릭스|모아데이타|딥노이드|제이엘케이|루닛|뷰노|시선AI|스피어|엔젠바이오|로킷헬스케어,삼성물산|삼성전자|SK하이닉스|현대차|기아|현대모비스|NAVER|카카오|포스코홀딩스|LG화학|LG|SK|CJ|롯데지주|한화|두산,,
의료기기,의료기기|한독|대원제약|신흥|삼성전자|피제이전자|GC메디아이|원익|오상헬스케어|디오|나노엔텍|인바디|메디아나|한스바이오메드|바텍|미래컴퍼니|시지메드텍|멕아이씨에스|메타바이오메드|큐렉소|휴비츠,삼성물산|삼성전자|SK하이닉스|현대차|기아|현대모비스|NAVER|카카오|포스코홀딩스|LG화학|LG|SK|CJ|롯데지주|한화|두산,,
인터넷 대표주,인터넷|대표주|NAVER|카카오,삼성물산|삼성전자|SK하이닉스|현대차|기아|현대모비스|NAVER|카카오|포스코홀딩스|LG화학|LG|SK|CJ|롯데지주|한화|두산,,
인터넷은행,인터넷은행|NH투자증권|GS리테일|한세예스24홀딩스|포스코DX|NICE평가정보|KT|KG이니시스|카카오|인포뱅크|한국전자인증|라온시큐어|KG파이낸셜|코나아이|예스24|한국정보인증|이니텍|한컴위드|브리지텍|이글루|한국금융지주,삼성물산|삼성전자|SK하이닉스|현대차|기아|현대모비스|NAVER|카카오|포스코홀딩스|LG화학|LG|SK|CJ|롯데지주|한화|두산,,
일자리(취업),일자리|취업|대성창투|메가엠디|사람인|DSC인베스트먼트|TS인베스트먼트|아이비김영|데이원컴퍼니|원티드랩|오픈놀,삼성물산|삼성전자|SK하이닉스|현대차|기아|현대모비스|NAVER|카카오|포스코홀딩스|LG화학|LG|SK|CJ|롯데지주|한화|두산,,
자동차 대표주,자동차|대표주|기아|KG모빌리티|현대차|현대위아|현대모비스|한온시스템|HL만도,삼성물산|삼성전자|SK하이닉스|현대차|기아|현대모비스|NAVER|카카오|포스코홀딩스|LG화학|LG|SK|CJ|롯데지주|한화|두산,,
자동차부품,자동차부품|대원강업|SG글로벌|태원물산|케이비아이동국실업|디와이에이|유성기업|SNT다이내믹스|태양금속|대원산업|에스엘|삼성공조|DN오토모티브|와이엠|남선알미늄|일정실업|대동기어|아진전자부품|모토닉|명신산업|한국무브넥스,삼성물산|삼성전자|SK하이닉스|현대차|기아|현대모비스|NAVER|카카오|포스코홀딩스|LG화학|LG|SK|CJ|롯데지주|한화|두산,,
자원개발,자원개발|LX인터내셔널|GS글로벌|현대코퍼레이션|서울가스|삼성물산|한국가스공사|엘컴텍|포스코인터내셔널|큐로홀딩스|비엘팜텍|에스아이리소스|GS|SK이노베이션|대성산업,삼성물산|삼성전자|SK하이닉스|현대차|기아|현대모비스|NAVER|카카오|포스코홀딩스|LG화학|LG|SK|CJ|롯데지주|한화|두산,,
자율주행차,자율주행차|기아|SK하이닉스|KG모빌리티|현대차|삼성전자|삼성전기|LG이노텍|현대모비스|디와이|SK텔레콤|DH오토웨어|한국단자|KT|NAVER|아이에이|파인디지털|인포뱅크|캠시스|세코닉스|삼보모터스,삼성물산|삼성전자|SK하이닉스|현대차|기아|현대모비스|NAVER|카카오|포스코홀딩스|LG화학|LG|SK|CJ|롯데지주|한화|두산,,
자전거,자전거|삼천리자전거|빅텍|알톤,삼성물산|삼성전자|SK하이닉스|현대차|기아|현대모비스|NAVER|카카오|포스코홀딩스|LG화학|LG|SK|CJ|롯데지주|한화|두산,,
재난/안전(지진/화재 등),재난|안전|지진|화재|삼일씨엔에스|티케이지애강|한국종합기술|동아지질|파라텍|HRS|희림|폴라리스AI|현대에버다임|삼영엠텍|LS마린솔루션|오텍|유엔젤|인콘|HDC현대EP|하이드로리튬|대창스틸|서전기전|동양파일|한컴라이프케어,삼성물산|삼성전자|SK하이닉스|현대차|기아|현대모비스|NAVER|카카오|포스코홀딩스|LG화학|LG|SK|CJ|롯데지주|한화|두산,,
재택근무/스마트워크,재택근무|스마트워크|더존비즈온|제이씨현시스템|세종텔레콤|에스넷|폴라리스오피스|링네트|영림원소프트랩|이씨에스|효성ITX|알서포트|파수에이아이|오파스넷|NHN|포시에스|소프트캠프|휴네시온,삼성물산|삼성전자|SK하이닉스|현대차|기아|현대모비스|NAVER|카카오|포스코홀딩스|LG화학|LG|SK|CJ|롯데지주|한화|두산,,
전기차,전기차|한국앤컴퍼니|기아|삼화콘덴서|피에스텍|KG모빌리티|삼영|코스모신소재|현대차|삼성SDI|아진전자부품|삼화전기|명신산업|화신|현대위아|삼화전자|SKC|계양전기|현대모비스|뉴인텍|모베이스전자,삼성물산|삼성전자|SK하이닉스|현대차|기아|현대모비스|NAVER|카카오|포스코홀딩스|LG화학|LG|CJ|롯데지주|한화|두산,,
전기차 화재 방지(배터리 열폭주 등),전기차|화재|방지|배터리|열폭주|에너지솔루션|SDI|에코프로|퓨처엠|엘앤에프|엔켐|천보|소재|디와이덕양|엠젠솔루션|토비스|제이케이시냅스|엣지파운드리|한중엔시에스|아이텍|아모그린텍|신진에스엠|제일일렉트릭|서연이화|금호에이치티|켐트로스|LK삼양|신흥에스이씨|와이엠텍|롯데이노베이트|이노메트리|엔바이오니아|태성,삼성물산|삼성전자|SK하이닉스|현대차|기아|현대모비스|NAVER|카카오|LG|CJ|롯데지주|한화|두산,,
전기차(충전소/충전기),전기차|충전소|충전기|기아|SK네트웍스|피에스텍|현대차|보성파워텍|와이투솔루션|휴맥스홀딩스|LG유플러스|SK|LG헬로비전|토비스|NICE인프라|디티씨|동양이엔피|알티캐스트|휴맥스|모트렉스|원익피앤이|솔루엠|와이엠텍,삼성물산|삼성전자|SK하이닉스|현대차|기아|현대모비스|NAVER|카카오|포스코홀딩스|LG화학|LG|CJ|롯데지주|한화|두산,,
전력반도체,전력반도체|반도체|하이닉스|전자|하이텍|테크|공업|IPS|ISC|HPSP|이오테크닉스|리노공업|전력|전기|일렉트릭|ELECTRIC|변압기|전선|LS|효성중공업|제룡|일진전기|SK하이닉스|DB하이텍|삼성전자|파워넷|아이에이|에스티아이|LB세미콘|KEC|테스|에이루트|어보브반도체|디아이티|에이엘티|나노씨엠에스|코스텍시스|큐알티|시지트로닉스|케이엔에스,삼성물산|현대차|기아|현대모비스|NAVER|카카오|포스코홀딩스|LG화학|LG|CJ|롯데지주|한화|두산,,
전력설비,전력설비|전력|전기|일렉트릭|ELECTRIC|변압기|전선|LS|효성중공업|제룡|일진전기|가온전선|대한전선|대원전선|보성파워텍|선도전기|한국전력|세명전기|KBI메탈|제룡전기|두산에너빌리티|금화피에스시|바이오스마트|비츠로테크|한전KPS|비츠로시스|LS마린솔루션|산일전기|에이루트,삼성물산|삼성전자|SK하이닉스|현대차|기아|현대모비스|NAVER|카카오|포스코홀딩스|LG화학|LG|CJ|롯데지주|한화|두산,,
전력저장장치(ESS),전력저장장치|ESS|전력|전기|일렉트릭|ELECTRIC|변압기|전선|LS|효성중공업|제룡|일진전기|에너지저장|배터리|PCS|인버터|LS ELECTRIC|삼화콘덴서|세방전지|삼성SDI|삼화전기|신성이엔지|포스코DX|디와이덕양|파워로직스|삼진엘앤디|이랜텍|LG전자|비츠로셀|상아프론테크|SK이노베이션|한중엔시에스|아모그린텍|비나텍|한전산업|피엔티|알에스오토메이션,삼성물산|삼성전자|SK하이닉스|현대차|기아|현대모비스|NAVER|카카오|포스코홀딩스|LG화학|LG|CJ|롯데지주|한화|두산,,
전선,전선|케이블|대한전선|LS|가온전선|일진전기|대원전선|KBI메탈|LS마린솔루션|LS에코에너지,삼성물산|삼성전자|SK하이닉스|현대차|기아|현대모비스|NAVER|카카오|포스코홀딩스|LG화학|LG|CJ|롯데지주|한화|두산,,
전자결제(전자화폐),전자결제|전자화폐|한국정보통신|KG이니시스|인포뱅크|카페24|KG파이낸셜|NHN|다날|갤럭시아머니트리|인포바인|헥토파이낸셜|쿠콘|카카오페이,삼성물산|삼성전자|SK하이닉스|현대차|기아|현대모비스|NAVER|카카오|포스코홀딩스|LG화학|LG|SK|CJ|롯데지주|한화|두산,,
전자파,전자파|동일기연|한미반도체|잉크테크|아모텍|프로텍|성우전자|켐트로닉스|다산솔루에타|제너셈|상신전자|레몬|아이씨에이치,삼성물산|삼성전자|SK하이닉스|현대차|기아|현대모비스|NAVER|카카오|포스코홀딩스|LG화학|LG|SK|CJ|롯데지주|한화|두산,,
정유,정유|GS|SK이노베이션,삼성물산|삼성전자|SK하이닉스|현대차|기아|현대모비스|NAVER|카카오|포스코홀딩스|LG화학|LG|SK|CJ|롯데지주|한화|두산,,
제대혈,제대혈|녹십자|메디포스트|차바이오텍|지씨셀|강스템바이오텍,삼성물산|삼성전자|SK하이닉스|현대차|기아|현대모비스|NAVER|카카오|포스코홀딩스|LG화학|LG|SK|CJ|롯데지주|한화|두산,,
제습기,제습기|신일전자|삼성전자|코웨이|파세코|위닉스|에스피지|LG전자|쿠쿠홈시스,삼성물산|삼성전자|SK하이닉스|현대차|기아|현대모비스|NAVER|카카오|포스코홀딩스|LG화학|LG|SK|CJ|롯데지주|한화|두산,,
제약업체,제약업체|제약|바이오|신약|메디|팜|켐|유한양행|한미약품|종근당|대웅제약|보령|동화약품|유유제약|삼천당제약|삼일제약|동아쏘시오홀딩스|JW중외제약|삼성제약|안국약품|한독|국제약품|신신제약|부광약품|에이프로젠바이오로직스|일성아이에스|대원제약|영진약품|현대약품|팜젠사이언스,삼성물산|삼성전자|SK하이닉스|현대차|기아|현대모비스|NAVER|카카오|포스코홀딩스|LG화학|LG|SK|CJ|롯데지주|한화|두산,,
제지,제지|페이퍼코리아|무림SP|한국수출포장|아세아제지|신풍|깨끗한나라|무림페이퍼|한창제지|삼정펄프|한국제지|해성산업|국일제지|한솔제지,삼성물산|삼성전자|SK하이닉스|현대차|기아|현대모비스|NAVER|카카오|포스코홀딩스|LG화학|LG|SK|CJ|롯데지주|한화|두산,,
조림사업,조림사업|성창기업지주|이건산업|한솔홈데코|동신건설|SK|이건홀딩스|자연과환경|효성오앤비|제이씨케미칼,삼성물산|삼성전자|SK하이닉스|현대차|기아|현대모비스|NAVER|카카오|포스코홀딩스|LG화학|LG|SK|CJ|롯데지주|한화|두산,,
조선,조선|중공업|HD현대|한화오션|삼성중공업|미포|엔진|기자재|HD한국조선해양|동일스틸럭스|HJ중공업|HD현대중공업|대한조선,삼성물산|삼성전자|SK하이닉스|현대차|기아|현대모비스|NAVER|카카오|포스코홀딩스|LG화학|LG|CJ|롯데지주,,
조선기자재,조선기자재|조선|중공업|HD현대|한화오션|삼성중공업|미포|엔진|기자재|삼미금속|하이록코리아|성광벤드|오리엔탈정공|한국카본|태광|동성화인텍|태웅|삼영엠텍|케이프|HD현대마린엔진|케이에스피|세진중공업|STX엔진|한화엔진|엔케이|비엠티|한라IMS|대창솔루션|동방선기,삼성물산|삼성전자|SK하이닉스|현대차|기아|현대모비스|NAVER|카카오|포스코홀딩스|LG화학|LG|CJ|롯데지주,,
종합 물류,종합|물류|CJ대한통운|한진|선광|동방|세방|KCTC|한솔로지스틱스|한익스프레스|유성티엔에스|삼일|로젠|현대글로비스|태웅로직스|인터지스|STX그린로지스,삼성물산|삼성전자|SK하이닉스|현대차|기아|현대모비스|NAVER|카카오|포스코홀딩스|LG화학|LG|SK|CJ|롯데지주|한화|두산,,
종합상사,종합상사|LX인터내셔널|GS글로벌|SK네트웍스|코오롱글로벌|현대코퍼레이션|삼성물산|포스코인터내셔널|효성티앤씨,삼성물산|삼성전자|SK하이닉스|현대차|기아|현대모비스|NAVER|카카오|포스코홀딩스|LG화학|LG|SK|CJ|롯데지주|한화|두산,,
"주류업(주정, 에탄올 등)",주류업|주정|에탄올|하이트진로|하이트진로홀딩스|보해양조|창해에탄올|롯데칠성|한국알콜|진로발효|MH에탄올|풍국주정|무학|국순당|한울앤제주|나라셀라,삼성물산|삼성전자|SK하이닉스|현대차|기아|현대모비스|NAVER|카카오|포스코홀딩스|LG화학|LG|SK|CJ|롯데지주|한화|두산,,
주유소,주유소|중앙에너비스|세기상사|리드코프|극동유화|태경산업|흥구석유|남해화학|위즈코프|GS|SK이노베이션|대성산업|HD현대|코람코라이프인프라리츠|SK리츠,삼성물산|삼성전자|SK하이닉스|현대차|기아|현대모비스|NAVER|카카오|포스코홀딩스|LG화학|LG|SK|CJ|롯데지주|한화|두산,,
줄기세포,줄기세포|파미셀|동구바이오제약|네이처셀|마크로젠|안트로젠|HLB생명과학|메디포스트|차바이오텍|바이오솔루션|메타케어|코아스템켐온|테고사이언스|강스템바이오텍|제일약품|풍전약품|에스바이오메딕스|엑셀세라퓨틱스|이엔셀,삼성물산|삼성전자|SK하이닉스|현대차|기아|현대모비스|NAVER|카카오|포스코홀딩스|LG화학|LG|SK|CJ|롯데지주|한화|두산,,
증강현실(AR),증강현실|AR|디모아|NC|에스넷|세코닉스|이랜텍|텔레칩스|엠게임|포니링크|가온그룹|팅크웨어|동운아나텍|나무가|덱스터|이노시뮬레이션|신도기연|위지윅스튜디오|비트맥스|라온텍|케이쓰리아이|버넥트,삼성물산|삼성전자|SK하이닉스|현대차|기아|현대모비스|NAVER|카카오|포스코홀딩스|LG화학|LG|SK|CJ|롯데지주|한화|두산,,
증권,증권|유진투자증권|부국증권|상상인증권|현대차증권|SK증권|신영증권|한양증권|유화증권|유안타증권|한화투자증권|대신증권|NH투자증권|미래에셋증권|삼성증권|DB증권|다올투자증권|교보증권|키움증권|한국금융지주|LS증권,삼성물산|삼성전자|SK하이닉스|현대차|기아|현대모비스|NAVER|카카오|포스코홀딩스|LG화학|LG|SK|CJ|롯데지주|한화|두산,,
지능형로봇/인공지능(AI),지능형로봇|인공지능|AI|로봇|로보|레인보우|두산로보틱스|뉴로메카|티로보틱스|유일로보틱스|데이터|소프트웨어|솔루션|클라우드|반도체|퍼스텍|한화에어로스페이스|삼성에스디에스|네패스|한국전자인증|오픈베이스|미래컴퍼니|유진로봇|엠로|큐렉소|위세아이텍|LG전자|가온그룹|로보스타|휴림로봇|와이즈넛|고영|브레인즈컴퍼니|스맥|로보티즈,삼성물산|삼성전자|SK하이닉스|현대차|기아|현대모비스|NAVER|카카오|포스코홀딩스|LG화학|LG|SK|CJ|롯데지주|한화|두산,,
지역화폐,지역화폐|코나아이|웹케시|유라클|갤럭시아머니트리|쿠콘,삼성물산|삼성전자|SK하이닉스|현대차|기아|현대모비스|NAVER|카카오|포스코홀딩스|LG화학|LG|SK|CJ|롯데지주|한화|두산,,
지주사,지주사|삼양홀딩스|하이트진로홀딩스|두산|성창기업지주|DL|한국앤컴퍼니|노루홀딩스|CR홀딩스|CS홀딩스|동아쏘시오홀딩스|유수홀딩스|한화|CJ|동국홀딩스|세아베스틸지주|종근당홀딩스|오리온홀딩스|KISCO홀딩스|코오롱|아세아,삼성물산|삼성전자|SK하이닉스|현대차|기아|현대모비스|NAVER|카카오|포스코홀딩스|LG화학|LG|SK|CJ|롯데지주|한화|두산,,
창투사,창투사|큐캐피탈|SBI인베스트먼트|플루토스|에이티넘인베스트|스틱인베스트먼트|아주IB투자|대성창투|우리기술투자|플랜티넷|미래에셋벤처투자|DSC인베스트먼트|TS인베스트먼트|린드먼아시아|SV인베스트먼트|나우IB|컴퍼니케이|LB인베스트먼트|스톤브릿지벤처스|HB인베스트먼트|캡스톤파트너스,삼성물산|삼성전자|SK하이닉스|현대차|기아|현대모비스|NAVER|카카오|포스코홀딩스|LG화학|LG|SK|CJ|롯데지주|한화|두산,,
철강 주요종목,철강|주요종목|세아베스틸지주|고려제강|현대제철|POSCO홀딩스|KG스틸|포스코스틸리온|대한제강|한국철강|세아제강|동국씨엠|동국제강,삼성물산|삼성전자|SK하이닉스|현대차|기아|현대모비스|NAVER|카카오|포스코홀딩스|LG화학|LG|SK|CJ|롯데지주|한화|두산,,
철강 중소형,철강|중소형|한국주철관|만호제강|한일철강|동일제강|TCC스틸|현대비앤지스틸|동일산업|휴스틸|동국산업|한국특강|NI스틸|문배철강|KBI동양철관|영흥|원일특강|금강공업|삼현철강|대호특수강|동일스틸럭스|부국철강,삼성물산|삼성전자|SK하이닉스|현대차|기아|현대모비스|NAVER|카카오|포스코홀딩스|LG화학|LG|SK|CJ|롯데지주|한화|두산,,
철도,철도|남광토건|알루코|도화엔지니어링|동일제강|현대제철|삼일씨엔에스|국영지앤엠|대원전선|선도전기|서한|부산산업|하이록코리아|삼현철강|세명전기|한국종합기술|특수건설|동아지질|황금에스티|우리기술|제룡전기,삼성물산|삼성전자|SK하이닉스|현대차|기아|현대모비스|NAVER|카카오|포스코홀딩스|LG화학|LG|SK|CJ|롯데지주|한화|두산,,
초전도체,초전도체|고려제강|덕성|아센디오|인지컨트롤스|인지디스플레|비츠로테크|한양이엔지|파워로직스|아모텍|탑엔지니어링|신성델타테크|원익피앤이|모비스|서남,삼성물산|삼성전자|SK하이닉스|현대차|기아|현대모비스|NAVER|카카오|포스코홀딩스|LG화학|LG|SK|CJ|롯데지주|한화|두산,,
출산장려정책,출산장려정책|삼익악기|남양유업|깨끗한나라|모나리자|아가방컴퍼니|메디앙스|대교|예림당|삼성출판사|유엔젤|네오팜|웅진씽크빅|제로투세븐|토박스코리아|매일유업|에피소드컴퍼니|더핑크퐁컴퍼니|꿈비|SAMG엔터|에르코스,삼성물산|삼성전자|SK하이닉스|현대차|기아|현대모비스|NAVER|카카오|포스코홀딩스|LG화학|LG|SK|CJ|롯데지주|한화|두산,,
치매,치매|유한양행|유유제약|삼성제약|신신제약|에이프로젠바이오로직스|보령|현대약품|삼진제약|동구바이오제약|진양제약|네이처셀|모나리자|고려제약|일진홀딩스|환인제약|명문제약|한국파마|바이오스마트|오스코텍|HLB제약,삼성물산|삼성전자|SK하이닉스|현대차|기아|현대모비스|NAVER|카카오|포스코홀딩스|LG화학|LG|SK|CJ|롯데지주|한화|두산,,
치아 치료(임플란트 등),치아|치료|임플란트|신흥|오스코텍|디오|바텍|현대바이오랜드|메타바이오메드|나이벡|덴티움|오스테오닉|레이|덴티스|그래피|한국피아이엠|하스,삼성물산|삼성전자|SK하이닉스|현대차|기아|현대모비스|NAVER|카카오|포스코홀딩스|LG화학|LG|SK|CJ|롯데지주|한화|두산,,
카메라모듈/부품,카메라모듈|부품|삼성전기|LG이노텍|자화전자|파워로직스|재영솔루텍|캠시스|세코닉스|탑엔지니어링|해성옵틱스|성우전자|옵트론텍|픽셀플러스|파트론|동운아나텍|엠씨넥스|알엔티엑스|하이비젼시스템|나무가|코아시아씨엠|포톤,삼성물산|삼성전자|SK하이닉스|현대차|기아|현대모비스|NAVER|카카오|포스코홀딩스|LG화학|LG|SK|CJ|롯데지주|한화|두산,,
카지노,카지노|롯데관광개발|파라다이스|강원랜드|토비스|코텍|GKL,삼성물산|삼성전자|SK하이닉스|현대차|기아|현대모비스|NAVER|카카오|포스코홀딩스|LG화학|LG|SK|CJ|롯데지주|한화|두산,,
카카오뱅크(kakao BANK),카카오뱅크|kakao|BANK|한세예스24홀딩스|카카오|인포뱅크|예스24|이니텍|한국금융지주|KB금융|알서포트|드림시큐리티|엑셈,삼성물산|삼성전자|SK하이닉스|현대차|기아|현대모비스|NAVER|카카오|포스코홀딩스|LG화학|LG|SK|CJ|롯데지주|한화|두산,,
캐릭터상품,캐릭터상품|오로라|대원미디어|손오공|리튬포어스|데브시스터즈|에피소드컴퍼니|블리츠웨이엔터테인먼트|더핑크퐁컴퍼니|SAMG엔터,삼성물산|삼성전자|SK하이닉스|현대차|기아|현대모비스|NAVER|카카오|포스코홀딩스|LG화학|LG|SK|CJ|롯데지주|한화|두산,,
코로나19(음압병실/음압구급차),코로나19|음압병실|음압구급차|신성이엔지|케이엔솔|오텍|엔브이에이치코리아|에스와이|GH신소재|우정바이오,삼성물산|삼성전자|SK하이닉스|현대차|기아|현대모비스|NAVER|카카오|포스코홀딩스|LG화학|LG|SK|CJ|롯데지주|한화|두산,,
코로나19(진단/치료제/백신 개발 등),코로나19|진단|치료제|백신|개발|JW중외제약|대웅|팜젠사이언스|파미셀|네이처셀|진원생명과학|신풍제약|한국파마|오상헬스케어|마크로젠|바이오스마트|케이바이오랩스|나노엔텍|코미팜|현대바이오|인트론바이오|시너지이노베이션|오상자이엘|씨티씨바이오|바이오니아,삼성물산|삼성전자|SK하이닉스|현대차|기아|현대모비스|NAVER|카카오|포스코홀딩스|LG화학|LG|SK|CJ|롯데지주|한화|두산,,
코로나19(진단키트),코로나19|진단키트|팜젠사이언스|파미셀|오상헬스케어|바이오스마트|나노엔텍|인트론바이오|오상자이엘|씨티씨바이오|바이오니아|대웅제약|랩지노믹스|씨젠|인바이오젠|진매트릭스|메타케어|에스디바이오센서|녹십자엠에스|종근당|HLB제넥스|드림텍,삼성물산|삼성전자|SK하이닉스|현대차|기아|현대모비스|NAVER|카카오|포스코홀딩스|LG화학|LG|SK|CJ|롯데지주|한화|두산,,
코로나19(치료제/백신 개발 등),코로나19|치료제|백신|개발|JW중외제약|네이처셀|진원생명과학|신풍제약|한국파마|케이바이오랩스|코미팜|현대바이오|펩트론|인바이오젠|진매트릭스|리가켐바이오|옵티팜|앱클론|아이진|에이비온|유바이오로직스|케어젠|강스템바이오텍|일동제약,삼성물산|삼성전자|SK하이닉스|현대차|기아|현대모비스|NAVER|카카오|포스코홀딩스|LG화학|LG|SK|CJ|롯데지주|한화|두산,,
코리아 밸류업 지수(Korea Value-up Index),코리아|밸류업|지수|Korea|Value|up|Index|기아|SK하이닉스|삼성화재|DB하이텍|JW중외제약|미원상사|삼양식품|대한항공|빙그레|동진쎄미켐|롯데칠성|현대차|DB손해보험|삼성전자|미래에셋증권|한미사이언스|한샘|경동나비엔|명신산업|LG이노텍,삼성물산|삼성전자|SK하이닉스|현대차|기아|현대모비스|NAVER|카카오|포스코홀딩스|LG화학|LG|SK|CJ|롯데지주|한화|두산,,
콜드체인(저온 유통),콜드체인|저온|유통|동아쏘시오홀딩스|태경케미컬|한익스프레스|서린바이오|일신바이오|GST|대창솔루션|HLB테라퓨틱스|아이텍|대한과학|지씨셀|SCL사이언스,삼성물산|삼성전자|SK하이닉스|현대차|기아|현대모비스|NAVER|카카오|포스코홀딩스|LG화학|LG|SK|CJ|롯데지주|한화|두산,,
콩/대두,대두|신송홀딩스|샘표|풀무원|미래생명자원|샘표식품,삼성물산|삼성전자|SK하이닉스|현대차|기아|현대모비스|NAVER|카카오|포스코홀딩스|LG화학|LG|SK|CJ|롯데지주|한화|두산,,
쿠팡(coupang),쿠팡|coupang|동방|서울식품|한국전자홀딩스|태경케미컬|KCTC|한국정보통신|팬스타엔터프라이즈|다날|오텍|쇼박스|디아이씨|갤럭시아머니트리|NEW|흥국에프엔비|미래생명자원|헥토파이낸셜|엔비티|아이스크림에듀|알로이스|아티스트컴퍼니,삼성물산|삼성전자|SK하이닉스|현대차|기아|현대모비스|NAVER|카카오|포스코홀딩스|LG화학|LG|SK|CJ|롯데지주|한화|두산,,
클라우드 컴퓨팅,클라우드|컴퓨팅|아이티센엔텍|DB|더존비즈온|SK텔레콤|삼성에스디에스|포스코DX|다우기술|KT|한글과컴퓨터|SK|NAVER|폴라리스오피스|비트플래닛|오픈베이스|안랩|엠로|영림원소프트랩|LG씨엔에스|포니링크|엔텔스,삼성물산|삼성전자|SK하이닉스|현대차|기아|현대모비스|NAVER|카카오|포스코홀딩스|LG화학|LG|SK|CJ|롯데지주|한화|두산,,
키오스크(KIOSK),키오스크|KIOSK|씨아이테크|한네트|NICE인프라|케이씨티|푸른기술|인바이오젠|포스뱅크|케이씨에스|윈스테크넷|파버나인,삼성물산|삼성전자|SK하이닉스|현대차|기아|현대모비스|NAVER|카카오|포스코홀딩스|LG화학|LG|SK|CJ|롯데지주|한화|두산,,
타이어,타이어|한국앤컴퍼니|넥센타이어|넥센|금호석유화학|금호타이어|코오롱인더|한국타이어앤테크놀로지|효성티앤씨|HS효성첨단소재,삼성물산|삼성전자|SK하이닉스|현대차|기아|현대모비스|NAVER|카카오|포스코홀딩스|LG화학|LG|SK|CJ|롯데지주|한화|두산,,
탄소나노튜브(CNT),탄소나노튜브|CNT|금호석유화학|상보|오픈베이스|LG화학|제이오,삼성물산|삼성전자|SK하이닉스|현대차|기아|현대모비스|NAVER|카카오|포스코홀딩스|LG화학|LG|SK|CJ|롯데지주|한화|두산,,
탈 플라스틱(친환경/생분해성 등),플라스틱|친환경|생분해성|삼륭물산|한국팩키지|에코플라스틱|디아이씨|씨티케이|삼양패키징|진영,삼성물산|삼성전자|SK하이닉스|현대차|기아|현대모비스|NAVER|카카오|포스코홀딩스|LG화학|LG|SK|CJ|롯데지주|한화|두산,,
탈모 치료,탈모|치료|JW중외제약|신신제약|보령|현대약품|인스코비|명문제약|현대바이오랜드|바이오니아|안트로젠|JW신약|대웅제약|메타랩스|메타케어|강스템바이오텍|올릭스|알리코제약|인산가|피플바이오|TS트릴리온|위더스제약,삼성물산|삼성전자|SK하이닉스|현대차|기아|현대모비스|NAVER|카카오|포스코홀딩스|LG화학|LG|SK|CJ|롯데지주|한화|두산,,
태양광,태양광|에너지솔루션|OCI|SDN|신성이엔지|에스에너지|대명에너지|이터닉스|윌링스|파루|한화솔루션,삼성물산|삼성전자|SK하이닉스|현대차|기아|현대모비스|NAVER|카카오|포스코홀딩스|LG화학|LG|SK|CJ|롯데지주|한화|두산,,
태양광에너지,태양광에너지|태양광|에너지솔루션|OCI|SDN|신성이엔지|에스에너지|대명에너지|이터닉스|윌링스|파루|한화|도화엔지니어링|KCC|혜인|코오롱글로벌|한솔테크닉스|한화솔루션|OCI홀딩스|뉴인텍|한국전력|삼성물산|주성엔지니어링|이건홀딩스|새로닉스|에스폴리텍|다스코|에이전트AI|대주전자재료,삼성물산|삼성전자|SK하이닉스|현대차|기아|현대모비스|NAVER|카카오|포스코홀딩스|LG화학|LG|SK|CJ|롯데지주|한화|두산,,
태풍 및 장마,태풍|장마|대동|조비|경농|롯데정밀화학|동방아그로|남해화학|파루|인선이엔티|뉴보텍|하이드로리튬,삼성물산|삼성전자|SK하이닉스|현대차|기아|현대모비스|NAVER|카카오|포스코홀딩스|LG화학|LG|SK|CJ|롯데지주|한화|두산,,
테마파크,테마파크|현대건설|시공테크|한국종합기술|국보디자인|이월드|닷밀,삼성물산|삼성전자|SK하이닉스|현대차|기아|현대모비스|NAVER|카카오|포스코홀딩스|LG화학|LG|SK|CJ|롯데지주|한화|두산,,
토스(toss),토스|toss|한화투자증권|대신정보통신|한국전자인증|이월드|하나금융지주|엔비티,삼성물산|삼성전자|SK하이닉스|현대차|기아|현대모비스|NAVER|카카오|포스코홀딩스|LG화학|LG|SK|CJ|롯데지주|한화|두산,,
통신,통신|SK텔레콤|KT|LG유플러스,삼성물산|삼성전자|SK하이닉스|현대차|기아|현대모비스|NAVER|카카오|포스코홀딩스|LG화학|LG|SK|CJ|롯데지주|한화|두산,,
통신장비,통신장비|케이엠더블유|피노|기산텔레콤|삼지전자|다산네트웍스|우리로|기가레인|쏠리드|코위버|LS마린솔루션|한국첨단소재|와이어블|CS|빛과전자|빛샘전자|LIG아큐버|에프알텍|가온그룹|쏘닉스|에이스테크,삼성물산|삼성전자|SK하이닉스|현대차|기아|현대모비스|NAVER|카카오|포스코홀딩스|LG화학|LG|SK|CJ|롯데지주|한화|두산,,
패션/의류,패션|의류|LS네트웍스|BYC|비비안|SG세계물산|온타이드|신영와코루|화승인더|TP|원풍물산|신원|인디에프|대현|한섬|제이에스티나|삼성물산|신세계인터내셔날|좋은사람들|감성코퍼레이션|폴라리스AI|코데즈컴바인,삼성물산|삼성전자|SK하이닉스|현대차|기아|현대모비스|NAVER|카카오|포스코홀딩스|LG화학|LG|SK|CJ|롯데지주|한화|두산,,
페라이트,페라이트|한솔테크닉스|한일화학|삼화전기|삼화전자|태경산업|EG|유니온머티리얼|케스피온|미래나노텍|씨큐브|아모그린텍|알엔투테크놀로지|상신전자|아모센스,삼성물산|삼성전자|SK하이닉스|현대차|기아|현대모비스|NAVER|카카오|포스코홀딩스|LG화학|LG|SK|CJ|롯데지주|한화|두산,,
페인트,페인트|노루홀딩스|SP삼화|강남제비스코|KCC|조광페인트|AK홀딩스|벽산|노루페인트,삼성물산|삼성전자|SK하이닉스|현대차|기아|현대모비스|NAVER|카카오|포스코홀딩스|LG화학|LG|SK|CJ|롯데지주|한화|두산,,
편의점,편의점|롯데지주|GS리테일|유성티엔에스|이마트|BGF리테일,삼성물산|삼성전자|SK하이닉스|현대차|기아|현대모비스|NAVER|카카오|포스코홀딩스|LG화학|LG|SK|CJ|롯데지주|한화|두산,,
폐기물처리,폐기물처리|한솔홀딩스|태영건설|서한|인선이엔티|와이엔텍,삼성물산|삼성전자|SK하이닉스|현대차|기아|현대모비스|NAVER|카카오|포스코홀딩스|LG화학|LG|SK|CJ|롯데지주|한화|두산,,
폐배터리,폐배터리|배터리|에너지솔루션|SDI|에코프로|퓨처엠|엘앤에프|엔켐|천보|소재|NPC|현대차|코스모화학|POSCO홀딩스|아이에스동서|DS단석|파워로직스|인선이엔티|웰크론한텍|SK이노베이션|새빗켐|원익피앤이|킵스파마|영화테크|나인테크|하나기술|성일하이텍|LG에너지솔루션|이지트로닉스,삼성물산|삼성전자|SK하이닉스|현대차|기아|현대모비스|NAVER|카카오|LG|SK|CJ|롯데지주|한화|두산,,
폴더블폰,폴더블폰|삼성전자|삼성전기|SKC|원익큐브|상보|LG디스플레이|인터플렉스|LG화학|테이팩스|KH바텍|켐트로닉스|비에이치|동운아나텍|에스코넥|코오롱인더|파인텍|세경하이테크|PI첨단소재|유티아이|이녹스첨단소재,삼성물산|삼성전자|SK하이닉스|현대차|기아|현대모비스|NAVER|카카오|포스코홀딩스|LG화학|LG|SK|CJ|롯데지주|한화|두산,,
풍력에너지,풍력에너지|현대건설|세아제강지주|코오롱글로벌|삼일씨엔에스|효성|동국산업|POSCO홀딩스|LS|스페코|한국전력|유니슨|케이피에프|우리기술|두산에너빌리티|태웅|한전기술|삼영엠텍|LS마린솔루션|DMS|세진중공업,삼성물산|삼성전자|SK하이닉스|현대차|기아|현대모비스|NAVER|카카오|포스코홀딩스|LG화학|LG|SK|CJ|롯데지주|한화|두산,,
퓨리오사AI,퓨리오사AI|AI|인공지능|데이터|소프트웨어|솔루션|클라우드|반도체|팬스타엔터프라이즈|유라클|와이즈넛|아이티센글로벌|DSC인베스트먼트|TS인베스트먼트|나우IB|LB인베스트먼트|엑스페릭스|포바이포|토마토시스템,삼성물산|삼성전자|SK하이닉스|현대차|기아|현대모비스|NAVER|카카오|포스코홀딩스|LG화학|LG|SK|CJ|롯데지주|한화|두산,,
플렉서블 디스플레이,플렉서블|디스플레이|삼성전자|SKC|경인양행|LG디스플레이|주성엔지니어링|루멘스|인터플렉스|에스에프에이|아이컴포넌트|DMS|APS이노베이션|코세스|코오롱인더|파인텍|비아트론|필옵틱스|PI첨단소재|유티아이|덕산네오룩스|브이원텍,삼성물산|삼성전자|SK하이닉스|현대차|기아|현대모비스|NAVER|카카오|포스코홀딩스|LG화학|LG|SK|CJ|롯데지주|한화|두산,,
피지컬 AI/휴머노이드 로봇,피지컬|AI|휴머노이드|로봇|로보|레인보우|두산로보틱스|뉴로메카|티로보틱스|유일로보틱스|인공지능|데이터|소프트웨어|솔루션|클라우드|반도체|기아|화천기공|현대차|삼성전자|LG이노텍|현대위아|현대모비스|포스코DX|유진로봇|아진엑스텍|LG전자|현대글로비스|MDS테크|우림피티에스|로보티즈|한라캐스트|알에스오토메이션|케이엔알시스템|싸이닉솔루션,삼성물산|삼성전자|SK하이닉스|현대차|기아|현대모비스|NAVER|카카오|포스코홀딩스|LG화학|LG|SK|CJ|롯데지주|한화|두산,,
피팅(관이음쇠)/밸브,피팅|관이음쇠|밸브|하이록코리아|성광벤드|태광|한국선재|화성밸브|케이에스피|비엠티|디케이락|한선엔지니어링,삼성물산|삼성전자|SK하이닉스|현대차|기아|현대모비스|NAVER|카카오|포스코홀딩스|LG화학|LG|SK|CJ|롯데지주|한화|두산,,
핀테크(FinTech),핀테크|FinTech|한국정보통신|KT|SK|NAVER|KG이니시스|카카오|인포뱅크|한국전자인증|라온시큐어|KG파이낸셜|이스트소프트|코나아이|아모텍|한국정보인증|이니텍|웹케시|한컴위드|다날|브리지텍|이글루,삼성물산|삼성전자|SK하이닉스|현대차|기아|현대모비스|NAVER|카카오|포스코홀딩스|LG화학|LG|SK|CJ|롯데지주|한화|두산,,
항공/저가 항공사(LCC),항공|저가|항공사|LCC|대한항공|티웨이홀딩스|AK홀딩스|아시아나항공|제주항공|트리니티항공|한진칼|진에어|에어부산,삼성물산|삼성전자|SK하이닉스|현대차|기아|현대모비스|NAVER|카카오|포스코홀딩스|LG화학|LG|SK|CJ|롯데지주|한화|두산,,
항공기부품,항공기부품|대한항공|휴니드|현대위아|한화에어로스페이스|한국카본|두산에너빌리티|오르비텍|한국항공우주|아스트|신화프리텍|솔디펜스|하이즈항공|켄코아에어로스페이스,삼성물산|삼성전자|SK하이닉스|현대차|기아|현대모비스|NAVER|카카오|포스코홀딩스|LG화학|LG|SK|CJ|롯데지주|한화|두산,,
해운,해운|흥아해운|대한해운|HMM|팬오션|KSS해운|STX그린로지스,삼성물산|삼성전자|SK하이닉스|현대차|기아|현대모비스|NAVER|카카오|포스코홀딩스|LG화학|LG|SK|CJ|롯데지주|한화|두산,,
해저터널(지하화/지하도로 등),해저터널|지하화|지하도로|LS|부산산업|세명전기|한국선재|특수건설|동아지질|우원개발|LS마린솔루션|티씨머티리얼즈,삼성물산|삼성전자|SK하이닉스|현대차|기아|현대모비스|NAVER|카카오|포스코홀딩스|LG화학|LG|SK|CJ|롯데지주|한화|두산,,
핵융합에너지,핵융합에너지|삼화콘덴서|고려제강|두산에너빌리티|비츠로테크|에스에프에이|일진파워|모비스|비츠로넥스텍,삼성물산|삼성전자|SK하이닉스|현대차|기아|현대모비스|NAVER|카카오|포스코홀딩스|LG화학|LG|SK|CJ|롯데지주|한화|두산,,
호텔/리조트,호텔|리조트|한화|SK네트웍스|소노스퀘어|호텔신라|아난티|롯데관광개발|파라다이스|강원랜드|모나용평|이마트|제이에스코퍼레이션|IPARK현대산업개발|GS피앤엘,삼성물산|삼성전자|SK하이닉스|현대차|기아|현대모비스|NAVER|카카오|포스코홀딩스|LG화학|LG|SK|CJ|롯데지주|한화|두산,,
홈쇼핑,홈쇼핑|태광산업|GS리테일|롯데쇼핑|현대홈쇼핑,삼성물산|삼성전자|SK하이닉스|현대차|기아|현대모비스|NAVER|카카오|포스코홀딩스|LG화학|LG|SK|CJ|롯데지주|한화|두산,,
화이자(PFIZER),화이자|PFIZER|유한양행|파미셀|서울제약|대한약품|제일약품,삼성물산|삼성전자|SK하이닉스|현대차|기아|현대모비스|NAVER|카카오|포스코홀딩스|LG화학|LG|SK|CJ|롯데지주|한화|두산,,
화장품,화장품|국제약품|아모레퍼시픽홀딩스|미원상사|한국화장품제조|HLB글로벌|파미셀|인스코비|동구바이오제약|네이처셀|리더스코스메틱|애경산업|브이티|바른손|글로본|코웨이|콜마홀딩스|차AI헬스케어|코리아나|신세계인터내셔날|더라미,삼성물산|삼성전자|SK하이닉스|현대차|기아|현대모비스|NAVER|카카오|포스코홀딩스|LG화학|LG|SK|CJ|롯데지주|한화|두산,,
화폐/금융자동화기기(디지털화폐 등),화폐|금융자동화기기|디지털화폐|누리플렉스|한네트|프리엠스|NICE인프라|로지시스|케이씨티|푸른기술|풍산|케이씨에스|카카오페이,삼성물산|삼성전자|SK하이닉스|현대차|기아|현대모비스|NAVER|카카오|포스코홀딩스|LG화학|LG|SK|CJ|롯데지주|한화|두산,,
화학섬유,화학섬유|태광산업|대한화섬|우성머티리얼스|휴비스|코오롱인더|효성티앤씨,삼성물산|삼성전자|SK하이닉스|현대차|기아|현대모비스|NAVER|카카오|포스코홀딩스|LG화학|LG|SK|CJ|롯데지주|한화|두산,,
환율하락 수혜,환율하락|수혜|삼양홀딩스|하이트진로|대한제분|대상|대한제당|한탑|혜인|대한항공|현대제철|농심|POSCO홀딩스|대한해운|오뚜기|고려아연|한국전력|아시아나항공|한국가스공사|하나투어|모두투어|CJ제일제당,삼성물산|삼성전자|SK하이닉스|현대차|기아|현대모비스|NAVER|카카오|포스코홀딩스|LG화학|LG|SK|CJ|롯데지주|한화|두산,,
황사/미세먼지,황사|미세먼지|삼일제약|JW중외제약|안국약품|국제약품|보령|모나리자|코웨이|포스코DX|파세코|위닉스|크린앤사이언스|휴비츠|웰크론|하츠|케이웨더|누리플랜|롯데하이마트|케스피온|성창오토텍|케이엠,삼성물산|삼성전자|SK하이닉스|현대차|기아|현대모비스|NAVER|카카오|포스코홀딩스|LG화학|LG|SK|CJ|롯데지주|한화|두산,,
희귀금속(희토류 등),희귀금속|희토류|유니온|현대비앤지스틸|POSCO홀딩스|고려아연|삼화전자|우성머티리얼스|대원화성|EG|유니온머티리얼|동국알앤에스|티플랙스|제이에스링크|쎄노텍|LS에코에너지|노바텍|그린리소스|엔젯,삼성물산|삼성전자|SK하이닉스|현대차|기아|현대모비스|NAVER|카카오|포스코홀딩스|LG화학|LG|SK|CJ|롯데지주|한화|두산,,
