code,name,theme
380550,뉴로핏,2025 하반기 신규상장
463020,뉴엔AI,2025 하반기 신규상장
439260,대한조선,2025 하반기 신규상장
403850,더핑크퐁컴퍼니,2025 하반기 신규상장
491000,리브스메드,2025 하반기 신규상장
014950,삼익제약,2025 하반기 신규상장
061090,세나테크놀로지,2025 하반기 신규상장
397810,애드포러스,2025 하반기 신규상장
475230,엔알비,2025 하반기 신규상장
342870,오아,2025 하반기 신규상장
261520,이지스,2025 하반기 신규상장
464490,쿼드메디슨,2025 하반기 신규상장
494120,큐리오시스,2025 하반기 신규상장
466690,키움히어로제1호스팩,2025 하반기 신규상장
468530,프로티나,2025 하반기 신규상장
493280,아이엠바이오로직스,2026 상반기 신규상장
079810,APS이노베이션,2차전지
001530,DI동일,2차전지
078150,HB테크놀러지,2차전지
001390,KG케미칼,2차전지
002710,TCC스틸,2차전지
900070,글로벌에스엠,2차전지
051490,나라엠앤디,2차전지
129920,대성하이텍,2차전지
006650,대한유화,2차전지
393890,더블유씨피,2차전지
075970,동국알앤에스,2차전지
014820,동원시스템즈,2차전지
109740,디에스케이,2차전지
251630,브이원텍,2차전지
419050,삼기에너지솔루션즈,2차전지
006110,삼아알미늄,2차전지
091580,상신이디피,2차전지
042600,새로닉스,2차전지
093920,서원인텍,2차전지
458650,성우,2차전지
015750,성우하이텍,2차전지
396300,세아메카닉스,2차전지
336370,솔루스첨단소재,2차전지
036830,솔브레인홀딩스,2차전지
416180,신성에스티,2차전지
243840,신흥에스이씨,2차전지
222420,쎄노텍,2차전지
480370,씨케이솔루션,2차전지
469750,아이비젼웍스,2차전지
161000,애경케미칼,2차전지
475660,에스켐,2차전지
364950,에이아이코리아,2차전지
312610,에이에프더블류,2차전지
148930,에이치와이티씨,2차전지
262260,에이프로,2차전지
101360,에코앤드림,2차전지
450080,에코프로머티,2차전지
247540,에코프로비엠,2차전지
333620,엔시스,2차전지
265560,영화테크,2차전지
017370,우신시스템,2차전지
076080,웰크론한텍,2차전지
263770,유에스티,2차전지
240600,유진테크놀로지,2차전지
372170,윤성에프앤씨,2차전지
008730,율촌화학,2차전지
302430,이노메트리,2차전지
088390,이녹스,2차전지
452400,이닉스,2차전지
418550,제이오,2차전지
004910,조광페인트,2차전지
018470,조일알미늄,2차전지
382480,지아이텍,2차전지
455180,케이지에이,2차전지
121850,코이즈,2차전지
108230,톱텍,2차전지
452450,피아이이,2차전지
137400,피엔티,2차전지
257370,피엔티엠에스,2차전지
378340,필에너지,2차전지
452190,한빛레이저,2차전지
037370,EG,2차전지(LFP/리튬인산철)
018290,브이티,2차전지(LFP/리튬인산철)
032680,소프트센,2차전지(LFP/리튬인산철)
066970,엘앤에프,2차전지(LFP/리튬인산철)
360070,탑머티리얼,2차전지(LFP/리튬인산철)
054300,팬스타엔터프라이즈,2차전지(LFP/리튬인산철)
373220,LG에너지솔루션,2차전지(전고체)
361610,SK아이이테크놀로지,2차전지(전고체)
096770,SK이노베이션,2차전지(전고체)
267320,나인테크,2차전지(전고체)
317330,덕산테코피아,2차전지(전고체)
025900,동화기업,2차전지(전고체)
294140,레몬,2차전지(전고체)
281740,레이크머티리얼즈,2차전지(전고체)
020150,롯데에너지머티리얼즈,2차전지(전고체)
049950,미래컴퍼니,2차전지(전고체)
059090,미코,2차전지(전고체)
452200,민테크,2차전지(전고체)
357550,석경에이티,2차전지(전고체)
222080,씨아이에스,2차전지(전고체)
083930,아바코,2차전지(전고체)
413390,엠오티,2차전지(전고체)
259630,엠플러스,2차전지(전고체)
131400,이브이첨단소재,2차전지(전고체)
457190,이수스페셜티케미컬,2차전지(전고체)
278280,천보,2차전지(전고체)
282880,코윈테크,2차전지(전고체)
055490,테이팩스,2차전지(전고체)
277880,티에스아이,2차전지(전고체)
299030,하나기술,2차전지(전고체)
011500,한농화성,2차전지(전고체)
376900,로킷헬스케어,3D 프린터
033200,모아텍,3D 프린터
104540,코렌텍,3D 프린터
030200,KT,5G(5세대 이동통신)
032640,LG유플러스,5G(5세대 이동통신)
066570,LG전자,5G(5세대 이동통신)
178920,PI첨단소재,5G(5세대 이동통신)
332570,PS일렉트로닉스,5G(5세대 이동통신)
017670,SK텔레콤,5G(5세대 이동통신)
242040,나무기술,5G(5세대 이동통신)
153460,네이블,5G(5세대 이동통신)
353200,대덕전자,5G(5세대 이동통신)
052460,아이크래프트,5G(5세대 이동통신)
061040,알에프텍,5G(5세대 이동통신)
069410,엔텔스,5G(5세대 이동통신)
173130,오파스넷,5G(5세대 이동통신)
122990,와이솔,5G(5세대 이동통신)
065440,이루온,5G(5세대 이동통신)
007660,이수페타시스,5G(5세대 이동통신)
377330,이지트로닉스,5G(5세대 이동통신)
355150,코스텍시스,5G(5세대 이동통신)
078000,텔코웨어,5G(5세대 이동통신)
417970,모델솔루션,AI 챗봇(챗GPT 등)
466410,사이냅소프트,AI 챗봇(챗GPT 등)
450520,인스웨이브,AI 챗봇(챗GPT 등)
300080,플리토,AI 챗봇(챗GPT 등)
143160,아이디스,CCTV＆DVR
331380,포커스에이아이,CCTV＆DVR
043650,국순당,CXL(컴퓨트익스프레스링크)
253590,네오셈,CXL(컴퓨트익스프레스링크)
019680,대교,CXL(컴퓨트익스프레스링크)
092870,엑시콘,CXL(컴퓨트익스프레스링크)
080580,오킨스전자,CXL(컴퓨트익스프레스링크)
007810,코리아써키트,CXL(컴퓨트익스프레스링크)
432720,퀄리타스반도체,CXL(컴퓨트익스프레스링크)
356860,티엘비,CXL(컴퓨트익스프레스링크)
440110,파두,CXL(컴퓨트익스프레스링크)
131180,딜리,DMZ 평화공원
006920,모헨즈,DMZ 평화공원
004920,씨아이테크,DMZ 평화공원
071950,코아스,DMZ 평화공원
014790,HL D&I,GTX(수도권 광역급행철도)
002990,금호건설,GTX(수도권 광역급행철도)
005960,동부건설,GTX(수도권 광역급행철도)
023410,유진기업,GTX(수도권 광역급행철도)
095340,ISC,HBM(고대역폭메모리)
098460,고영,HBM(고대역폭메모리)
307750,국전,HBM(고대역폭메모리)
348210,넥스틴,HBM(고대역폭메모리)
003160,디아이,HBM(고대역폭메모리)
110990,디아이티,HBM(고대역폭메모리)
412350,레이저쎌,HBM(고대역폭메모리)
424980,마이크로투나노,HBM(고대역폭메모리)
254490,미래반도체,HBM(고대역폭메모리)
451220,아이엠티,HBM(고대역폭메모리)
039440,에스티아이,HBM(고대역폭메모리)
033160,엠케이전자,HBM(고대역폭메모리)
122640,예스티,HBM(고대역폭메모리)
322310,오로스테크놀로지,HBM(고대역폭메모리)
394280,오픈엣지테크놀로지,HBM(고대역폭메모리)
232140,와이씨,HBM(고대역폭메모리)
112290,와이씨켐,HBM(고대역폭메모리)
396470,워트,HBM(고대역폭메모리)
097800,윈팩,HBM(고대역폭메모리)
086390,유니테스트,HBM(고대역폭메모리)
039030,이오테크닉스,HBM(고대역폭메모리)
217190,제너셈,HBM(고대역폭메모리)
079370,제우스,HBM(고대역폭메모리)
281820,케이씨텍,HBM(고대역폭메모리)
220260,켐트로스,HBM(고대역폭메모리)
405100,큐알티,HBM(고대역폭메모리)
089030,테크윙,HBM(고대역폭메모리)
168360,펨트론,HBM(고대역폭메모리)
031980,피에스케이홀딩스,HBM(고대역폭메모리)
042700,한미반도체,HBM(고대역폭메모리)
489790,한화비전,HBM(고대역폭메모리)
034220,LG디스플레이,IT 대표주
006400,삼성SDI,IT 대표주
018260,삼성에스디에스,IT 대표주
214330,금호에이치티,LED
001210,금호전기,LED
121600,나노신소재,LED
054090,삼진엘앤디,LED
290690,소룩스,LED
050760,에스폴리텍,LED
096870,엘디티,LED
037400,우리엔터프라이즈,LED
153490,우리이앤엘하루틴,LED
178780,일월지엠엘,LED
014580,태경비케이,LED
015890,태경산업,LED
106240,파인테크닉스,LED
065690,파커스,LED
025540,한국단자,LED
092460,한라IMS,LED
005880,대한해운,LNG(액화천연가스)
010140,삼성중공업,LNG(액화천연가스)
004690,삼천리,LNG(액화천연가스)
258610,케일럼,LNG(액화천연가스)
028670,팬오션,LNG(액화천연가스)
036460,한국가스공사,LNG(액화천연가스)
078600,대주전자재료,MLCC(적층세라믹콘덴서)
052710,아모텍,MLCC(적층세라믹콘덴서)
149950,아바텍,MLCC(적층세라믹콘덴서)
382840,원준,MLCC(적층세라믹콘덴서)
306620,지아이에스,MLCC(적층세라믹콘덴서)
005070,코스모신소재,MLCC(적층세라믹콘덴서)
126730,코칩,MLCC(적층세라믹콘덴서)
320000,한울반도체,MLCC(적층세라믹콘덴서)
214270,FSN,NFT(대체불가토큰)
044480,빌리언스,NFT(대체불가토큰)
241840,에이스토리,NFT(대체불가토큰)
058630,엠게임,NFT(대체불가토큰)
047820,초록뱀미디어,NFT(대체불가토큰)
293490,카카오게임즈,NFT(대체불가토큰)
063080,컴투스홀딩스,NFT(대체불가토큰)
041020,폴라리스오피스,NFT(대체불가토큰)
042500,링네트,NI(네트워크통합)
031820,아이티센씨티에스,NI(네트워크통합)
049480,오픈베이스,NI(네트워크통합)
033230,인성정보,NI(네트워크통합)
054620,APS,OLED(유기 발광 다이오드)
137080,나래나노텍,OLED(유기 발광 다이오드)
351320,넥사다이내믹스,OLED(유기 발광 다이오드)
088130,동아엘텍,OLED(유기 발광 다이오드)
177350,베셀,OLED(유기 발광 다이오드)
171090,선익시스템,OLED(유기 발광 다이오드)
040910,아이씨디,OLED(유기 발광 다이오드)
255440,야스,OLED(유기 발광 다이오드)
250930,예선테크,OLED(유기 발광 다이오드)
155650,와이엠씨,OLED(유기 발광 다이오드)
063760,이엘피,OLED(유기 발광 다이오드)
083470,이엠앤아이,OLED(유기 발광 다이오드)
079950,인베니아,OLED(유기 발광 다이오드)
094970,제이엠티,OLED(유기 발광 다이오드)
256940,킵스파마,OLED(유기 발광 다이오드)
336680,탑런토탈솔루션,OLED(유기 발광 다이오드)
239890,피엔에이치테크,OLED(유기 발광 다이오드)
347770,핌스,OLED(유기 발광 다이오드)
457370,한켐,OLED(유기 발광 다이오드)
238490,힘스,OLED(유기 발광 다이오드)
085910,네오티스,PCB(FPCB 등)
085670,뉴프렉스,PCB(FPCB 등)
066900,디에이피,PCB(FPCB 등)
025320,시노펙스,PCB(FPCB 등)
036010,아비코전자,PCB(FPCB 등)
015260,에이엔피,PCB(FPCB 등)
251370,와이엠티,PCB(FPCB 등)
082850,우리바이오,PCB(FPCB 등)
051370,인터플렉스,PCB(FPCB 등)
219130,타이거일렉,PCB(FPCB 등)
161580,필옵틱스,PCB(FPCB 등)
092300,현우산업,PCB(FPCB 등)
127980,화인써키트,PCB(FPCB 등)
012030,DB,SI(시스템통합)
023590,다우기술,SI(시스템통합)
020180,대신정보통신,SI(시스템통합)
263800,데이타솔루션,SI(시스템통합)
032850,비트컴퓨터,SI(시스템통합)
049470,비트플래닛,SI(시스템통합)
035510,신세계 I&C,SI(시스템통합)
267850,아시아나IDT,SI(시스템통합)
053980,오상자이엘,SI(시스템통합)
070590,인티큐브,SI(시스템통합)
045510,정원엔시스,SI(시스템통합)
105560,KB금융,STO(토큰증권 발행)
094480,갤럭시아머니트리,STO(토큰증권 발행)
011420,갤럭시아에스엠,STO(토큰증권 발행)
064260,다날,STO(토큰증권 발행)
199480,뱅크웨어글로벌,STO(토큰증권 발행)
063170,서울옥션,STO(토큰증권 발행)
055550,신한지주,STO(토큰증권 발행)
372800,아이티아이즈,STO(토큰증권 발행)
041190,우리기술투자,STO(토큰증권 발행)
088340,유라클,STO(토큰증권 발행)
102370,케이옥션,STO(토큰증권 발행)
163730,핑거,STO(토큰증권 발행)
086790,하나금융지주,STO(토큰증권 발행)
234340,헥토파이낸셜,STO(토큰증권 발행)
004270,남성,UAM(도심항공모빌리티)
002350,넥센타이어,UAM(도심항공모빌리티)
200880,서연이화,UAM(도심항공모빌리티)
221840,하이즈항공,UAM(도심항공모빌리티)
017960,한국카본,UAM(도심항공모빌리티)
074430,아미노로직스,mRNA(메신저 리보핵산)
185490,아이진,mRNA(메신저 리보핵산)
226950,올릭스,mRNA(메신저 리보핵산)
011000,진원생명과학,mRNA(메신저 리보핵산)
348080,큐라티스,mRNA(메신저 리보핵산)
014970,삼륭물산,日 수출 규제(국산화 등)
004430,송원산업,日 수출 규제(국산화 등)
013310,아진산업,日 수출 규제(국산화 등)
019540,일지테크,日 수출 규제(국산화 등)
042040,케이피엠테크,日 수출 규제(국산화 등)
371950,풍원정밀,日 수출 규제(국산화 등)
009830,한화솔루션,日 수출 규제(국산화 등)
001460,BYC,日제품 불매운동(수혜)
084870,TBH글로벌,日제품 불매운동(수혜)
204020,그리티,日제품 불매운동(수혜)
004540,깨끗한나라,日제품 불매운동(수혜)
012700,리드코프,日제품 불매운동(수혜)
014100,메디앙스,日제품 불매운동(수혜)
012690,모나리자,日제품 불매운동(수혜)
005360,모나미,日제품 불매운동(수혜)
250000,보라티알,日제품 불매운동(수혜)
002070,비비안,日제품 불매운동(수혜)
013990,아가방컴퍼니,日제품 불매운동(수혜)
033340,좋은사람들,日제품 불매운동(수혜)
047770,코데즈컴바인,日제품 불매운동(수혜)
264900,크라운제과,日제품 불매운동(수혜)
101530,해태제과식품,日제품 불매운동(수혜)
418620,E8,가상현실(VR)
194480,데브시스터즈,가상현실(VR)
206560,덱스터,가상현실(VR)
035620,바른손이앤에이,가상현실(VR)
299900,위지윅스튜디오,가상현실(VR)
431190,케이쓰리아이,가상현실(VR)
045340,토탈소프트,가상현실(VR)
187270,신화콘텍,갤럭시 부품주
053950,경남제약,건강기능식품
234690,녹십자웰빙,건강기능식품
123840,뉴온,건강기능식품
065170,비엘팜텍,건강기능식품
008490,서흥,건강기능식품
048870,시너지이노베이션,건강기능식품
092040,아미코젠,건강기능식품
314140,알피바이오,건강기능식품
293780,압타바이오,건강기능식품
084990,헬릭스미스,건강기능식품
002460,HS화성,건설 중소형
021320,KCC건설,건설 중소형
016250,SGC E&C,건설 중소형
013580,계룡건설,건설 중소형
013700,까뮤이앤씨,건설 중소형
007680,대원,건설 중소형
013120,동원개발,건설 중소형
002290,삼일기업공사,건설 중소형
010960,삼호개발,건설 중소형
042940,상지건설,건설 중소형
035890,서희건설,건설 중소형
017000,신원종합개발,건설 중소형
013360,일성건설,건설 중소형
002780,진흥기업,건설 중소형
267270,HD건설기계,건설기계
020400,대동금속,건설기계
317850,대모,건설기계
015230,대창단조,건설기계
109860,동일금속,건설기계
241560,두산밥캣,건설기계
210540,디와이파워,건설기계
019770,서연탑메탈,건설기계
017550,수산세보틱스,건설기계
079900,전진건설로봇,건설기계
036890,진성티이씨,건설기계
053160,프리엠스,건설기계
003010,혜인,건설기계
010240,흥국,건설기계
036570,NC,게임
094860,네오리진,게임
225570,넥슨게임즈,게임
251270,넷마블,게임
048910,대원미디어,게임
331520,밸로프,게임
066910,손오공,게임
462870,시프트업,게임
052790,액토즈소프트,게임
069080,웹젠,게임
101730,위메이드맥스,게임
067000,조이시티,게임
023770,플레이위드,게임
267290,경동도시가스,겨울
009290,광동제약,겨울
117580,대성에너지,겨울
016710,대성홀딩스,겨울
000020,동화약품,겨울
008470,부스타,겨울
017390,서울가스,겨울
034590,인천도시가스,겨울
053050,지에스이,겨울
032620,GC메디아이,고령화 사회(노인복지)
039860,나노엔텍,고령화 사회(노인복지)
003220,대원제약,고령화 사회(노인복지)
038290,마크로젠,고령화 사회(노인복지)
078160,메디포스트,고령화 사회(노인복지)
115480,씨유메디칼,고령화 사회(노인복지)
099190,아이센스,고령화 사회(노인복지)
174900,앱클론,고령화 사회(노인복지)
032940,원익,고령화 사회(노인복지)
041830,인바디,고령화 사회(노인복지)
119610,인터로조,고령화 사회(노인복지)
071200,인피니트헬스케어,고령화 사회(노인복지)
085660,차바이오텍,고령화 사회(노인복지)
950160,코오롱티슈진,고령화 사회(노인복지)
060280,큐렉소,고령화 사회(노인복지)
066700,테라젠이텍스,고령화 사회(노인복지)
460940,피앤에스로보틱스,고령화 사회(노인복지)
417200,LS머트리얼즈,고체산화물 연료전지(SOFC)
475150,SK이터닉스,고체산화물 연료전지(SOFC)
336260,두산퓨얼셀,고체산화물 연료전지(SOFC)
382900,범한퓨얼셀,고체산화물 연료전지(SOFC)
126340,비나텍,고체산화물 연료전지(SOFC)
452280,한선엔지니어링,고체산화물 연료전지(SOFC)
017650,대림제지,골판지 제조
014160,대영포장,골판지 제조
006740,블루산업개발,골판지 제조
023600,삼보판지,골판지 제조
016590,신대양제지,골판지 제조
011280,태림포장,골판지 제조
122450,KX,골프
215000,골프존,골프
121440,골프존홀딩스,골프
111710,남화산업,골프
300120,라온피플,골프
081660,미스토홀딩스,골프
019010,베뉴지,골프
100120,뷰웍스,골프
365900,브이씨,골프
067900,와이엔텍,골프
110790,크리스에프앤씨,골프
069640,한세엠케이,골프
009160,SIMPAC,공작기계
089140,넥스턴앤롤코리아,공작기계
195990,에이비프로바이오,공작기계
019210,와이지-원,공작기계
101680,한국정밀기계,공작기계
025890,한국주강,공작기계
089600,KT나스미디어,광고
048550,SM C&C,광고
037270,YG PLUS,광고
362990,드림인사이트,광고
443250,레뷰코퍼레이션,광고
363260,모비데이즈,광고
050090,비케이홀딩스,광고
230360,에코마케팅,광고
010470,오리콤,광고
273060,와이즈버즈,광고
214320,이노션,광고
123570,이엠넷,광고
216050,인크로스,광고
351870,차이커뮤니케이션,광고
263700,케어랩스,광고
237820,플레이디,광고
218410,RFHIC,광통신(광케이블/광섬유 등)
327260,RF머트리얼즈,광통신(광케이블/광섬유 등)
010170,대한광통신,광통신(광케이블/광섬유 등)
388790,라이콤,광통신(광케이블/광섬유 등)
100590,머큐리,광통신(광케이블/광섬유 등)
069540,빛과전자,광통신(광케이블/광섬유 등)
092190,서울바이오시스,광통신(광케이블/광섬유 등)
043260,성호전자,광통신(광케이블/광섬유 등)
115440,우리넷,광통신(광케이블/광섬유 등)
389020,자람테크놀로지,광통신(광케이블/광섬유 등)
217590,티엠씨,광통신(광케이블/광섬유 등)
368770,파이버프로,광통신(광케이블/광섬유 등)
062970,한국첨단소재,광통신(광케이블/광섬유 등)
053290,NE능률,교육/온라인 교육
035290,골드앤에스,교육/온라인 교육
067280,멀티캠퍼스,교육/온라인 교육
072870,메가스터디,교육/온라인 교육
100220,비상교육,교육/온라인 교육
461300,아이스크림미디어,교육/온라인 교육
095720,웅진씽크빅,교육/온라인 교육
084440,유비온,교육/온라인 교육
134060,이퓨쳐,교육/온라인 교육
040420,정상제이엘에스,교육/온라인 교육
011150,CJ씨푸드,구제역/광우병 수혜
036480,대성미생물,구제역/광우병 수혜
030720,동원수산,구제역/광우병 수혜
003960,사조대림,구제역/광우병 수혜
007160,사조산업,구제역/광우병 수혜
006090,사조오양,구제역/광우병 수혜
004970,신라교역,구제역/광우병 수혜
025870,신라에스지,구제역/광우병 수혜
208140,정다운,구제역/광우병 수혜
003680,한성기업,구제역/광우병 수혜
900290,GRT,국내 상장 중국기업
900120,씨엑스아이,국내 상장 중국기업
900300,오가닉티코스메틱,국내 상장 중국기업
900340,윙입푸드,국내 상장 중국기업
900110,이스트아시아홀딩스,국내 상장 중국기업
900310,컬러레이,국내 상장 중국기업
900270,헝셩그룹,국내 상장 중국기업
010130,고려아연,귀금속(금/은)
124500,아이티센글로벌,귀금속(금/은)
037950,엘컴텍,귀금속(금/은)
000670,영풍,귀금속(금/은)
012610,경인양행,그래핀
078130,국일제지,그래핀
154040,다산솔루에타,그래핀
012800,대창,그래핀
024900,디와이덕양,그래핀
027580,상보,그래핀
054940,엑사이엔씨,그래핀
073110,엘엠에스,그래핀
065500,오리엔트정공,그래핀
900250,크리스탈신소재,그래핀
079980,휴비스,그래핀
477760,DB금융스팩12호,기업인수목적회사(SPAC)
467930,IBKS제23호스팩,기업인수목적회사(SPAC)
469480,IBKS제24호스팩,기업인수목적회사(SPAC)
464680,KB제27호스팩,기업인수목적회사(SPAC)
478390,KB제29호스팩,기업인수목적회사(SPAC)
486630,KB제30호스팩,기업인수목적회사(SPAC)
492220,KB제31호스팩,기업인수목적회사(SPAC)
465320,교보15호스팩,기업인수목적회사(SPAC)
482520,교보16호스팩,기업인수목적회사(SPAC)
489210,교보17호스팩,기업인수목적회사(SPAC)
471050,대신밸런스제17호스팩,기업인수목적회사(SPAC)
482690,대신밸런스제19호스팩,기업인수목적회사(SPAC)
489730,디비금융제13호스팩,기업인수목적회사(SPAC)
477380,미래에셋비전스팩4호,기업인수목적회사(SPAC)
477470,미래에셋비전스팩5호,기업인수목적회사(SPAC)
478440,미래에셋비전스팩6호,기업인수목적회사(SPAC)
482680,미래에셋비전스팩7호,기업인수목적회사(SPAC)
472220,신영스팩10호,기업인수목적회사(SPAC)
452980,신한제11호스팩,기업인수목적회사(SPAC)
474660,신한제12호스팩,기업인수목적회사(SPAC)
474930,신한제13호스팩,기업인수목적회사(SPAC)
487360,신한제14호스팩,기업인수목적회사(SPAC)
487830,신한제15호스팩,기업인수목적회사(SPAC)
496070,신한제16호스팩,기업인수목적회사(SPAC)
472230,에스케이증권제11호스팩,기업인수목적회사(SPAC)
473000,에스케이증권제12호스팩,기업인수목적회사(SPAC)
473950,에스케이증권제13호스팩,기업인수목적회사(SPAC)
462020,에이치엠씨제6호스팩,기업인수목적회사(SPAC)
477340,에이치엠씨제7호스팩,기업인수목적회사(SPAC)
451700,엔에이치스팩29호,기업인수목적회사(SPAC)
466910,엔에이치스팩30호,기업인수목적회사(SPAC)
481890,엔에이치스팩31호,기업인수목적회사(SPAC)
473050,유안타제15호스팩,기업인수목적회사(SPAC)
474490,유안타제16호스팩,기업인수목적회사(SPAC)
493790,유안타제17호스팩,기업인수목적회사(SPAC)
468760,유진스팩10호,기업인수목적회사(SPAC)
488060,유진스팩11호,기업인수목적회사(SPAC)
478110,이베스트스팩6호,기업인수목적회사(SPAC)
487720,키움제10호스팩,기업인수목적회사(SPAC)
489480,키움제11호스팩,기업인수목적회사(SPAC)
469880,하나30호스팩,기업인수목적회사(SPAC)
469900,하나31호스팩,기업인수목적회사(SPAC)
475240,하나32호스팩,기업인수목적회사(SPAC)
475250,하나33호스팩,기업인수목적회사(SPAC)
484130,하나34호스팩,기업인수목적회사(SPAC)
464440,한국제13호스팩,기업인수목적회사(SPAC)
479880,한국제15호스팩,기업인수목적회사(SPAC)
498390,한화플러스제5호스팩,기업인수목적회사(SPAC)
002100,경농,남북경협
091590,남화토건,남북경협
058730,다스코,남북경협
100700,세운메디칼,남북경협
030960,양지사,남북경협
007110,일신석재,남북경협
004090,한국석유,남북경협
060310,3S,냉각시스템(액침냉각 등)
078930,GS,냉각시스템(액침냉각 등)
067170,오텍,냉각시스템(액침냉각 등)
107640,한중엔시에스,냉각시스템(액침냉각 등)
012450,한화에어로스페이스,냉각시스템(액침냉각 등)
003080,SB성보,농업
114450,그린생명과학,농업
054050,농우바이오,농업
050860,아세아텍,농업
154030,아시아종묘,농업
352940,인바이오,농업
033640,네패스,뉴로모픽 반도체
330860,네패스아크,뉴로모픽 반도체
092600,앤씨앤,뉴로모픽 반도체
445090,에이직랜드,뉴로모픽 반도체
001120,LX인터내셔널,니켈
011230,삼화전자,니켈
080010,이상네트웍스,니켈
095660,네오위즈,두나무(Dunamu)
002020,코오롱,두나무(Dunamu)
475580,에이럭스,드론(Drone)
033320,제이씨현시스템,드론(Drone)
204610,티쓰리,드론(Drone)
051380,피씨디렉트,드론(Drone)
047080,한빛소프트,드론(Drone)
476080,M83,딥페이크(deepfake)
443670,에스피소프트,딥페이크(deepfake)
355390,크라우드웍스,딥페이크(deepfake)
403550,쏘카,렌터카
033530,SJG세종,로봇(산업용/협동로봇 등)
012200,계양전기,로봇(산업용/협동로봇 등)
000490,대동,로봇(산업용/협동로봇 등)
008830,대동기어,로봇(산업용/협동로봇 등)
454910,두산로보틱스,로봇(산업용/협동로봇 등)
092200,디아이씨,로봇(산업용/협동로봇 등)
474650,링크솔루션,로봇(산업용/협동로봇 등)
206400,베노티앤알,로봇(산업용/협동로봇 등)
138360,앤로보틱스,로봇(산업용/협동로봇 등)
270660,에브리봇,로봇(산업용/협동로봇 등)
005850,에스엘,로봇(산업용/협동로봇 등)
455900,엔젤로보틱스,로봇(산업용/협동로봇 등)
024880,케이피에프,로봇(산업용/협동로봇 등)
130740,티피씨글로벌,로봇(산업용/협동로봇 등)
119500,포메탈,로봇(산업용/협동로봇 등)
006140,피제이전자,로봇(산업용/협동로봇 등)
160190,하이젠알앤엠,로봇(산업용/협동로봇 등)
059270,해성에어로보틱스,로봇(산업용/협동로봇 등)
344820,KCC글라스,리모델링/인테리어
108670,LX하우시스,리모델링/인테리어
002820,SUN&L,리모델링/인테리어
005750,대림바스,리모델링/인테리어
006570,대림통상,리모델링/인테리어
171120,라이온켐텍,리모델링/인테리어
007210,벽산,리모델링/인테리어
018310,삼목에스폼,리모델링/인테리어
011090,에넥스,리모델링/인테리어
446070,유니드비티플러스,리모델링/인테리어
039020,이건홀딩스,리모델링/인테리어
309930,조이웍스앤코,리모델링/인테리어
285800,진영,리모델링/인테리어
066130,하츠,리모델링/인테리어
432320,KB스타리츠,리츠(REITs)
400760,NH올원리츠,리츠(REITs)
338100,NH프라임리츠,리츠(REITs)
377190,디앤디플랫폼리츠,리츠(REITs)
357430,마스턴프리미어리츠,리츠(REITs)
396690,미래에셋글로벌리츠,리츠(REITs)
357250,미래에셋맵스리츠,리츠(REITs)
448730,삼성FN리츠,리츠(REITs)
481850,신한글로벌액티브리츠,리츠(REITs)
404990,신한서부티엔디리츠,리츠(REITs)
293940,신한알파리츠,리츠(REITs)
088260,이리츠코크렙,리츠(REITs)
350520,이지스레지던스리츠,리츠(REITs)
334890,이지스밸류플러스리츠,리츠(REITs)
145270,케이탑리츠,리츠(REITs)
417310,코람코더원리츠,리츠(REITs)
451800,한화리츠,리츠(REITs)
005490,POSCO홀딩스,리튬
029480,광무,리튬
290670,대보마그네틱,리튬
073570,리튬포어스,리튬
095500,미래나노텍,리튬
107600,새빗켐,리튬
365340,성일하이텍,리튬
004490,세방전지,리튬
270520,앱튼,리튬
086520,에코프로,리튬
348370,엔켐,리튬
051980,중앙첨단소재,리튬
005420,코스모화학,리튬
009520,포스코엠텍,리튬
003670,포스코퓨처엠,리튬
101670,하이드로리튬,리튬
278650,HLB바이오스텝,마리화나(대마)
900100,애머릿지,마리화나(대마)
052420,오성첨단소재,마리화나(대마)
086450,동국제약,마스크
001520,동양,마스크
034940,조아제약,마스크
036630,세종텔레콤,마이데이터
017900,광전자,마이크로 LED
418420,라온텍,마이크로 LED
038060,루멘스,마이크로 LED
452430,사피엔반도체,마이크로 LED
046890,서울반도체,마이크로 LED
143540,영우디에스피,마이크로 LED
008290,원풍물산,마이크로 LED
089890,코세스,마이크로 LED
066310,큐에스아이,마이크로 LED
311690,CJ 바이오사이언스,마이크로바이옴
180400,DXVX,마이크로바이옴
376270,HEM파마,마이크로바이옴
187420,HLB제넥스,마이크로바이옴
348150,고바이오랩,마이크로바이옴
084650,랩지노믹스,마이크로바이옴
049960,쎌바이오텍,마이크로바이옴
048530,인트론바이오,마이크로바이옴
063160,종근당바이오,마이크로바이옴
103840,우양,마켓컬리(kurly)
067010,이씨에스,마켓컬리(kurly)
051160,지어소프트,마켓컬리(kurly)
006890,태경케미컬,마켓컬리(kurly)
189980,흥국에프엔비,마켓컬리(kurly)
035760,CJ ENM,메타버스(Metaverse)
357880,SKAI,메타버스(Metaverse)
052220,iMBC,메타버스(Metaverse)
217270,넵튠,메타버스(Metaverse)
376300,디어유,메타버스(Metaverse)
438700,버넥트,메타버스(Metaverse)
377030,비트맥스,메타버스(Metaverse)
108860,셀바스AI,메타버스(Metaverse)
189330,씨이랩,메타버스(Metaverse)
291230,엔피,메타버스(Metaverse)
336060,웨이버스,메타버스(Metaverse)
065370,위세아이텍,메타버스(Metaverse)
303530,이노뎁,메타버스(Metaverse)
289220,자이언트스텝,메타버스(Metaverse)
044380,주연테크,메타버스(Metaverse)
096240,크레버스,메타버스(Metaverse)
263750,펄어비스,메타버스(Metaverse)
012630,HDC,면세점
950170,JTC,면세점
204620,글로벌텍스프리,면세점
004170,신세계,면세점
214420,토니모리,면세점
025770,한국정보통신,면세점
069960,현대백화점,면세점
008770,호텔신라,면세점
028300,HLB,면역항암제
950220,네오이뮨텍,면역항암제
235980,메드팩토,면역항암제
323990,박셀바이오,면역항암제
052020,에스티큐브,면역항암제
397030,에이프릴바이오,면역항암제
338840,와이바이오로직스,면역항암제
424870,이뮨온시아,면역항암제
358570,지아이이노베이션,면역항암제
115180,큐리언트,면역항암제
006280,녹십자,모더나(MODERNA)
207940,삼성바이오로직스,모더나(MODERNA)
950200,소마젠,모더나(MODERNA)
237690,에스티팜,모더나(MODERNA)
005690,파미셀,모더나(MODERNA)
090410,덕신이피씨,모듈러주택
043910,자연과환경,모듈러주택
004960,한신공영,모듈러주택
950190,고스트스튜디오,모바일게임(스마트폰)
348030,모비릭스,모바일게임(스마트폰)
208640,썸에이지,모바일게임(스마트폰)
123420,위메이드플레이,모바일게임(스마트폰)
139670,키네마스터,모바일솔루션(스마트폰)
418470,KT밀리의서재,모바일콘텐츠(스마트폰/태블릿PC)
043610,KT지니뮤직,모바일콘텐츠(스마트폰/태블릿PC)
104200,NHN벅스,모바일콘텐츠(스마트폰/태블릿PC)
032540,TJ미디어,모바일콘텐츠(스마트폰/태블릿PC)
057030,YBM넷,모바일콘텐츠(스마트폰/태블릿PC)
068290,삼성출판사,모바일콘텐츠(스마트폰/태블릿PC)
036030,케이티알파,모바일콘텐츠(스마트폰/태블릿PC)
090460,비에이치,무선충전기술
357580,아모센스,무선충전기술
043590,웰킵스하이텍,무선충전기술
054210,이랜텍,무선충전기술
089010,켐트로닉스,무선충전기술
004710,한솔테크닉스,무선충전기술
058400,KNN,미디어(방송/신문)
033130,디지틀조선,미디어(방송/신문)
053210,스카이라이프,미디어(방송/신문)
127710,아시아경제,미디어(방송/신문)
310200,애니플러스,미디어(방송/신문)
033830,티비씨,미디어(방송/신문)
039340,한국경제TV,미디어(방송/신문)
240550,동방메디컬,미용기기
462510,라메디텍,미용기기
199550,레이저옵텍,미용기기
450950,아스테라시스,미용기기
149980,하이로닉,미용기기
219750,한국비티비,미용기기
053030,바이넥스,바이오시밀러(복제 바이오의약품)
067370,선바이오,바이오시밀러(복제 바이오의약품)
196170,알테오젠,바이오시밀러(복제 바이오의약품)
222110,팬젠,바이오시밀러(복제 바이오의약품)
236200,슈프리마,바이오인식(생체인식)
094840,슈프리마에이치큐,바이오인식(생체인식)
340810,시선AI,바이오인식(생체인식)
131090,시큐브,바이오인식(생체인식)
347860,알체라,바이오인식(생체인식)
203450,유니온바이오메트릭스,바이오인식(생체인식)
000990,DB하이텍,반도체 대표주(생산)
000660,SK하이닉스,반도체 대표주(생산)
005930,삼성전자,반도체 대표주(생산)
265520,AP시스템,반도체 장비
083450,GST,반도체 장비
402490,그린리소스,반도체 장비
420770,기가비스,반도체 장비
323350,다원넥스뷰,반도체 장비
224060,더코디,반도체 장비
187870,디바이스,반도체 장비
232680,라온로보틱스,반도체 장비
217500,러셀,반도체 장비
090360,로보스타,반도체 장비
071280,로체시스템즈,반도체 장비
025560,미래산업,반도체 장비
089970,브이엠,반도체 장비
140070,서플러스글로벌,반도체 장비
037350,성도이엔지,반도체 장비
045300,성우테크론,반도체 장비
011930,신성이엔지,반도체 장비
160980,싸이맥스,반도체 장비
081180,쎄크,반도체 장비
264660,씨앤지하이테크,반도체 장비
413630,씨피시스템,반도체 장비
159010,아스플로,반도체 장비
212710,아이에스티이,반도체 장비
140670,알에스오토메이션,반도체 장비
056190,에스에프에이,반도체 장비
036170,에이치엠넥스,반도체 장비
036810,에프에스티,반도체 장비
227950,엔투텍,반도체 장비
083310,엘오티베큠,반도체 장비
240810,원익IPS,반도체 장비
030530,원익홀딩스,반도체 장비
348350,위드텍,반도체 장비
036200,유니셈,반도체 장비
084370,유진테크,반도체 장비
469610,이노테크,반도체 장비
041520,이엘씨,반도체 장비
064290,인텍플러스,반도체 장비
254120,자비스,반도체 장비
417840,저스템,반도체 장비
090470,제이스로보틱스,반도체 장비
452160,제이엔비,반도체 장비
089790,제이티,반도체 장비
036930,주성엔지니어링,반도체 장비
382800,지앤비에스 에코,반도체 장비
029460,케이씨,반도체 장비
053080,케이엔솔,반도체 장비
183300,코미코,반도체 장비
065130,탑엔지니어링,반도체 장비
064760,티씨케이,반도체 장비
131290,티에스이,반도체 장비
425420,티에프이,반도체 장비
241790,티이엠씨씨엔에스,반도체 장비
140860,파크시스템스,반도체 장비
271830,팸텍,반도체 장비
256630,포인트엔지니어링,반도체 장비
321260,프로이천,반도체 장비
053610,프로텍,반도체 장비
045100,한양이엔지,반도체 장비
024850,HLB이노베이션,반도체 재료/부품
025000,KPX케미칼,반도체 재료/부품
052900,KX하이텍,반도체 재료/부품
456040,OCI,반도체 재료/부품
000390,SP삼화,반도체 재료/부품
144960,뉴파워프라즈마,반도체 재료/부품
005290,동진쎄미켐,반도체 재료/부품
000150,두산,반도체 재료/부품
092070,디엔에프,반도체 재료/부품
171010,램테크놀러지,반도체 재료/부품
004000,롯데정밀화학,반도체 재료/부품
098120,마이크로컨텍솔,반도체 재료/부품
446540,메가터치,반도체 재료/부품
241770,메카로,반도체 재료/부품
146320,비씨엔씨,반도체 재료/부품
482630,삼양엔씨켐,반도체 재료/부품
252990,샘씨엔에스,반도체 재료/부품
357780,솔브레인,반도체 재료/부품
388210,씨엠티엑스,반도체 재료/부품
031330,에스에이엠티,반도체 재료/부품
083500,에프엔에스테크,반도체 재료/부품
489500,엘케이켐,반도체 재료/부품
170920,엘티씨,반도체 재료/부품
074600,원익QnC,반도체 재료/부품
104830,원익머트리얼즈,반도체 재료/부품
101160,월덱스,반도체 재료/부품
036090,위지트,반도체 재료/부품
142210,유니트론텍,반도체 재료/부품
102710,이엔에프테크놀로지,반도체 재료/부품
417500,제이아이테크,반도체 재료/부품
311320,지오엘리먼트,반도체 재료/부품
272110,케이엔제이,반도체 재료/부품
425040,티이엠씨,반도체 재료/부품
445180,퓨릿,반도체 재료/부품
147760,피엠티,반도체 재료/부품
166090,하나머티리얼즈,반도체 재료/부품
114810,한솔아이원스,반도체 재료/부품
014680,한솔케미칼,반도체 재료/부품
078350,한양디지텍,반도체 재료/부품
195870,해성디에스,반도체 재료/부품
093370,후성,반도체 재료/부품
009540,HD한국조선해양,방위산업/전쟁 및 테러
097230,HJ중공업,방위산업/전쟁 및 테러
474610,RF시스템즈,방위산업/전쟁 및 테러
003570,SNT다이내믹스,방위산업/전쟁 및 테러
064960,SNT모티브,방위산업/전쟁 및 테러
077970,STX엔진,방위산업/전쟁 및 테러
040300,YTN,방위산업/전쟁 및 테러
310870,디와이씨,방위산업/전쟁 및 테러
065450,빅텍,방위산업/전쟁 및 테러
484590,삼양컴텍,방위산업/전쟁 및 테러
215090,솔디펜스,방위산업/전쟁 및 테러
013810,스페코,방위산업/전쟁 및 테러
010280,아이티센엔텍,방위산업/전쟁 및 테러
484870,엠앤씨솔루션,방위산업/전쟁 및 테러
065950,웰크론,방위산업/전쟁 및 테러
274400,이노시뮬레이션,방위산업/전쟁 및 테러
140430,카티스,방위산업/전쟁 및 테러
448710,코츠테크놀로지,방위산업/전쟁 및 테러
090080,평화산업,방위산업/전쟁 및 테러
005810,풍산홀딩스,방위산업/전쟁 및 테러
024740,한일단조,방위산업/전쟁 및 테러
042660,한화오션,방위산업/전쟁 및 테러
005870,휴니드,방위산업/전쟁 및 테러
006370,대구백화점,백화점
452260,한화갤러리아,백화점
006840,AK홀딩스,밸류업(24년 기업가치 제고계획 발표)
138930,BNK금융지주,밸류업(24년 기업가치 제고계획 발표)
443060,HD현대마린솔루션,밸류업(24년 기업가치 제고계획 발표)
329180,HD현대중공업,밸류업(24년 기업가치 제고계획 발표)
195940,HK이노엔,밸류업(24년 기업가치 제고계획 발표)
060980,HL홀딩스,밸류업(24년 기업가치 제고계획 발표)
051900,LG생활건강,밸류업(24년 기업가치 제고계획 발표)
402340,SK스퀘어,밸류업(24년 기업가치 제고계획 발표)
139130,iM금융지주,밸류업(24년 기업가치 제고계획 발표)
036620,감성코퍼레이션,밸류업(24년 기업가치 제고계획 발표)
037710,광주신세계,밸류업(24년 기업가치 제고계획 발표)
024110,기업은행,밸류업(24년 기업가치 제고계획 발표)
032190,다우데이타,밸류업(24년 기업가치 제고계획 발표)
006040,동원산업,밸류업(24년 기업가치 제고계획 발표)
263020,디케이앤디,밸류업(24년 기업가치 제고계획 발표)
330590,롯데리츠,밸류업(24년 기업가치 제고계획 발표)
023530,롯데쇼핑,밸류업(24년 기업가치 제고계획 발표)
280360,롯데웰푸드,밸류업(24년 기업가치 제고계획 발표)
004990,롯데지주,밸류업(24년 기업가치 제고계획 발표)
071840,롯데하이마트,밸류업(24년 기업가치 제고계획 발표)
058650,세아홀딩스,밸류업(24년 기업가치 제고계획 발표)
031430,신세계인터내셔날,밸류업(24년 기업가치 제고계획 발표)
002790,아모레퍼시픽홀딩스,밸류업(24년 기업가치 제고계획 발표)
018250,애경산업,밸류업(24년 기업가치 제고계획 발표)
064850,에프앤가이드,밸류업(24년 기업가치 제고계획 발표)
089590,제주항공,밸류업(24년 기업가치 제고계획 발표)
071320,지역난방공사,밸류업(24년 기업가치 제고계획 발표)
323410,카카오뱅크,밸류업(24년 기업가치 제고계획 발표)
024720,콜마홀딩스,밸류업(24년 기업가치 제고계획 발표)
020000,한섬,밸류업(24년 기업가치 제고계획 발표)
453340,현대그린푸드,밸류업(24년 기업가치 제고계획 발표)
005440,현대지에프홀딩스,밸류업(24년 기업가치 제고계획 발표)
035000,HS애드,밸류업(25년 기업가치 제고계획 발표)
002380,KCC,밸류업(25년 기업가치 제고계획 발표)
016380,KG스틸,밸류업(25년 기업가치 제고계획 발표)
010950,S-Oil,밸류업(25년 기업가치 제고계획 발표)
376930,노을,밸류업(25년 기업가치 제고계획 발표)
004370,농심,밸류업(25년 기업가치 제고계획 발표)
068930,디지털대성,밸류업(25년 기업가치 제고계획 발표)
033920,무학,밸류업(25년 기업가치 제고계획 발표)
068270,셀트리온,밸류업(25년 기업가치 제고계획 발표)
328380,솔트웨어,밸류업(25년 기업가치 제고계획 발표)
111770,영원무역,밸류업(25년 기업가치 제고계획 발표)
009970,영원무역홀딩스,밸류업(25년 기업가치 제고계획 발표)
039200,오스코텍,밸류업(25년 기업가치 제고계획 발표)
008500,일정실업,밸류업(25년 기업가치 제고계획 발표)
054950,제이브이엠,밸류업(25년 기업가치 제고계획 발표)
078340,컴투스,밸류업(25년 기업가치 제고계획 발표)
200130,콜마비앤에이치,밸류업(25년 기업가치 제고계획 발표)
124560,태웅로직스,밸류업(25년 기업가치 제고계획 발표)
017810,풀무원,밸류업(25년 기업가치 제고계획 발표)
017890,한국알콜,밸류업(25년 기업가치 제고계획 발표)
161390,한국타이어앤테크놀로지,밸류업(25년 기업가치 제고계획 발표)
126560,현대퓨처넷,밸류업(25년 기업가치 제고계획 발표)
446840,지슨,보안주(물리)
417790,트루엔,보안주(물리)
286750,나노실리칸첨단소재,보안주(정보)
197140,디지캡,보안주(정보)
434480,모니터랩,보안주(정보)
424760,벨로크,보안주(정보)
411080,샌즈랩,보안주(정보)
258790,소프트캠프,보안주(정보)
050960,수산아이앤티,보안주(정보)
356890,싸이버원,보안주(정보)
053800,안랩,보안주(정보)
275630,에스에스알,보안주(정보)
488280,에스투더블유,보안주(정보)
136540,윈스테크넷,보안주(정보)
333050,이노테나,보안주(정보)
465480,인스피언,보안주(정보)
263860,지니언스,보안주(정보)
208350,지란지교시큐리티,보안주(정보)
057680,티사이언티픽,보안주(정보)
290560,파라택시스이더리움,보안주(정보)
291810,핀텔,보안주(정보)
430690,한싹,보안주(정보)
290270,휴네시온,보안주(정보)
069620,대웅제약,보톡스(보툴리눔톡신)
086900,메디톡스,보톡스(보툴리눔톡신)
206650,유바이오로직스,보톡스(보툴리눔톡신)
216080,제테마,보톡스(보툴리눔톡신)
362320,청담글로벌,보톡스(보툴리눔톡신)
256840,한국비엔씨,보톡스(보툴리눔톡신)
200670,휴메딕스,보톡스(보툴리눔톡신)
243070,휴온스,보톡스(보툴리눔톡신)
145020,휴젤,보톡스(보툴리눔톡신)
000050,경방,부동산 보유 자산주
128820,대성산업,부동산 보유 자산주
084670,동양고속,부동산 보유 자산주
003610,방림,부동산 보유 자산주
038500,삼표시멘트,부동산 보유 자산주
067830,세이브존I&C,부동산 보유 자산주
029530,신도리코,부동산 보유 자산주
003200,일신방직,부동산 보유 자산주
000650,천일고속,부동산 보유 자산주
042420,네오위즈홀딩스,블록체인
000700,유수홀딩스,블록체인
192250,케이사인,블록체인
039420,케이엘넷,블록체인
150900,파수에이아이,블록체인
347850,디앤디파마텍,비만치료제
439580,블루엠텍,비만치료제
000250,삼천당제약,비만치료제
068760,셀트리온제약,비만치료제
291650,압타머사이언스,비만치료제
095700,제넥신,비만치료제
002390,한독,비만치료제
060480,국일신동,비철금속
186230,그린플러스,비철금속
008350,남선알미늄,비철금속
009190,대양금속,비철금속
021050,서원,비철금속
037760,쎄니트,비철금속
025820,이구산업,비철금속
009730,이렘,비철금속
128660,피제이메탈,비철금속
198940,한주라이트메탈,비철금속
004560,현대비앤지스틸,비철금속
002140,고려산업,사료
003310,대주산업,사료
001790,대한제당,사료
218150,미래생명자원,사료
008040,사조동아원,사료
136490,선진,사료
060590,씨티씨바이오,사료
179530,애드바이오텍,사료
368970,오에스피,사료
006980,우성,사료
018620,우진비앤지,사료
353810,이지바이오,사료
035810,이지홀딩스,사료
025880,케이씨피드,사료
036580,팜스코,사료
027710,팜스토리,사료
005860,한일사료,사료
002680,한탑,사료
029780,삼성카드,삼성페이
224110,에이텍모빌리티,삼성페이
060230,제이케이시냅스,삼성페이
082640,동양생명,생명보험
085620,미래에셋생명,생명보험
032830,삼성생명,생명보험
003690,코리안리,생명보험
011170,롯데케미칼,석유화학
005950,이수화학,석유화학
104480,티케이케미칼,석유화학
017940,E1,셰일가스(Shale Gas)
002360,SH에너지화학,셰일가스(Shale Gas)
415380,스튜디오삼익,소매유통
069920,엑시온그룹,소매유통
309960,LB인베스트먼트,소캠(SOCAMM)
000400,롯데손해보험,손해보험
031210,서울보증보험,손해보험
000370,한화손해보험,손해보험
001450,현대해상,손해보험
000540,흥국화재,손해보험
014710,사조씨푸드,수산
092780,DYP,수소에너지(수소차/연료전지 등)
298050,HS효성첨단소재,수소에너지(수소차/연료전지 등)
000430,대원강업,수소에너지(수소차/연료전지 등)
033290,로젠,수소에너지(수소차/연료전지 등)
009680,모토닉,수소에너지(수소차/연료전지 등)
145990,삼양사,수소에너지(수소차/연료전지 등)
095910,에스에너지,수소에너지(수소차/연료전지 등)
288620,에스프리즘,수소에너지(수소차/연료전지 등)
085310,엔케이,수소에너지(수소차/연료전지 등)
011320,유니크,수소에너지(수소차/연료전지 등)
081000,일진다이아,수소에너지(수소차/연료전지 등)
271940,일진하이솔루스,수소에너지(수소차/연료전지 등)
126880,제이엔케이글로벌,수소에너지(수소차/연료전지 등)
019180,티에이치엔,수소에너지(수소차/연료전지 등)
010770,평화홀딩스,수소에너지(수소차/연료전지 등)
023900,풍국주정,수소에너지(수소차/연료전지 등)
028050,삼성E&A,수자원(양적/질적 개선)
079000,와토스코리아,수자원(양적/질적 개선)
065770,CS,스마트그리드(지능형전력망)
040160,누리플렉스,스마트그리드(지능형전력망)
082920,비츠로셀,스마트그리드(지능형전력망)
001820,삼화콘덴서,스마트그리드(지능형전력망)
099440,스맥,스마트그리드(지능형전력망)
125210,아모그린텍,스마트그리드(지능형전력망)
052860,아이앤씨,스마트그리드(지능형전력망)
057540,옴니시스템,스마트그리드(지능형전력망)
006490,인스코비,스마트그리드(지능형전력망)
015860,일진홀딩스,스마트그리드(지능형전력망)
015710,코콤,스마트그리드(지능형전력망)
022100,포스코DX,스마트그리드(지능형전력망)
002230,피에스텍,스마트그리드(지능형전력망)
089850,유비벨록스,스마트카(SMART CAR)
003550,LG,스마트팩토리(스마트공장)
322180,LS티라유텍,스마트팩토리(스마트공장)
048770,TPC로보틱스,스마트팩토리(스마트공장)
012510,더존비즈온,스마트팩토리(스마트공장)
219420,링크제니시스,스마트팩토리(스마트공장)
004380,삼익THK,스마트팩토리(스마트공장)
317830,에스피시스템스,스마트팩토리(스마트공장)
373170,엠아이큐브솔루션,스마트팩토리(스마트공장)
007820,엠엑스로보틱스,스마트팩토리(스마트공장)
347890,엠엑스온,스마트팩토리(스마트공장)
388720,유일로보틱스,스마트팩토리(스마트공장)
351330,이삭엔지니어링,스마트팩토리(스마트공장)
381620,제닉스로보틱스,스마트팩토리(스마트공장)
391710,코닉오토메이션,스마트팩토리(스마트공장)
290090,트윔,스마트팩토리(스마트공장)
484810,티엑스알로보틱스,스마트팩토리(스마트공장)
319400,현대무벡스,스마트팩토리(스마트공장)
094280,효성ITX,스마트팩토리(스마트공장)
090710,휴림로봇,스마트팩토리(스마트공장)
190510,나무가,스마트폰
193250,링크드,스마트폰
080420,모다이노칩,스마트폰
101330,모베이스,스마트폰
056700,신화인터텍,스마트폰
376290,씨유테크,스마트폰
459550,알트,스마트폰
290740,액트로,스마트폰
373200,엑스플러스,스마트폰
069330,유아이디,스마트폰
049520,유아이엘,스마트폰
191410,육일씨엔에쓰,스마트폰
091120,이엠텍,스마트폰
049070,인탑스,스마트폰
033240,자화전자,스마트폰
204270,제이앤티씨,스마트폰
198080,캐프,스마트폰
079190,케스피온,스마트폰
064520,테크엘,스마트폰
091700,파트론,스마트폰
032580,피델릭스,스마트폰
054040,한국컴퓨터,스마트폰
076610,해성옵틱스,스마트폰
009450,경동나비엔,스마트홈(홈네트워크)
038680,에스넷,스마트홈(홈네트워크)
012750,에스원,스마트홈(홈네트워크)
032790,엠젠솔루션,스마트홈(홈네트워크)
044340,위닉스,스마트홈(홈네트워크)
317400,자이에스앤디,스마트홈(홈네트워크)
079430,현대리바트,스마트홈(홈네트워크)
039010,현대에이치티,스마트홈(홈네트워크)
035600,KG이니시스,스테이블코인
046440,KG파이낸셜,스테이블코인
064400,LG씨엔에스,스테이블코인
060250,NHN KCP,스테이블코인
205500,넥써쓰,스테이블코인
462860,더즌,스테이블코인
201490,미투온,스테이블코인
112040,위메이드,스테이블코인
377300,카카오페이,스테이블코인
294570,쿠콘,스테이블코인
214180,헥토이노베이션,스테이블코인
308100,형지글로벌,스테이블코인
417010,나노팀,스페이스X(SpaceX)
100790,미래에셋벤처투자,스페이스X(SpaceX)
001430,세아베스틸지주,스페이스X(SpaceX)
347700,스피어,스페이스X(SpaceX)
027360,아주IB투자,스페이스X(SpaceX)
295310,에이치브이엠,스페이스X(SpaceX)
209640,와이제이링크,스페이스X(SpaceX)
272290,이녹스첨단소재,스페이스X(SpaceX)
274090,켄코아에어로스페이스,스페이스X(SpaceX)
034120,SBS,"스포츠행사 수혜(올림픽, 월드컵 등)"
000140,하이트진로홀딩스,"스포츠행사 수혜(올림픽, 월드컵 등)"
225530,HC보광산업,시멘트/레미콘
060560,HC홈센타,시멘트/레미콘
079650,서산,시멘트/레미콘
004980,성신양회,시멘트/레미콘
183190,아세아시멘트,시멘트/레미콘
300720,한일시멘트,시멘트/레미콘
108320,LX세미콘,시스템반도체
036540,SFA반도체,시스템반도체
396270,넥스트칩,시스템반도체
094170,동운아나텍,시스템반도체
131970,두산테스나,시스템반도체
317120,라닉스,시스템반도체
093520,매커스,시스템반도체
490470,세미파이브,시스템반도체
033170,시그네틱스,시스템반도체
234030,싸이닉솔루션,시스템반도체
123860,아나패스,시스템반도체
456010,아이씨티케이,시스템반도체
119830,아이텍,시스템반도체
059120,아진엑스텍,시스템반도체
117670,알파칩스,시스템반도체
101490,에스앤에스텍,시스템반도체
226590,엠디바이스,시스템반도체
080520,오디텍,시스템반도체
115610,이미지스,시스템반도체
303030,지니틱스,시스템반도체
093640,케이알엠,시스템반도체
045970,코아시아,시스템반도체
319660,피에스케이,시스템반도체
067310,하나마이크론,시스템반도체
048830,엔피케이,아스콘(아스팔트 콘크리트)
051910,LG화학,아이폰
213420,덕산네오룩스,아이폰
263600,덕우전자,아이폰
192440,슈피겐코리아,아이폰
084850,아이티엠반도체,아이폰
238090,앤디포스,아이폰
126700,하이비젼시스템,아이폰
198440,강동씨앤엘,아프리카 돼지열병(ASF)
054670,대한뉴팜,아프리카 돼지열병(ASF)
188260,세니젠,아프리카 돼지열병(ASF)
331920,셀레믹스,아프리카 돼지열병(ASF)
153710,옵티팜,아프리카 돼지열병(ASF)
073560,우리손에프앤지,아프리카 돼지열병(ASF)
044960,이글벳,아프리카 돼지열병(ASF)
110020,전진바이오팜,아프리카 돼지열병(ASF)
072020,중앙백신,아프리카 돼지열병(ASF)
086060,진바이오텍,아프리카 돼지열병(ASF)
041960,코미팜,아프리카 돼지열병(ASF)
034310,NICE,애플페이
036800,나이스정보통신,애플페이
019550,SBI인베스트먼트,야놀자(Yanolja)
035080,그래디언트,야놀자(Yanolja)
088350,한화생명,야놀자(Yanolja)
203650,드림시큐리티,양자암호/양자컴퓨팅
042510,라온시큐어,양자암호/양자컴퓨팅
009580,무림P&P,양자암호/양자컴퓨팅
223310,사토시홀딩스,양자암호/양자컴퓨팅
232830,아이티센피엔에스,양자암호/양자컴퓨팅
158430,아톤,양자암호/양자컴퓨팅
123010,알엔티엑스,양자암호/양자컴퓨팅
356680,엑스게이트,양자암호/양자컴퓨팅
115500,케이씨에스,양자암호/양자컴퓨팅
131760,파인텍,양자암호/양자컴퓨팅
208710,포톤,양자암호/양자컴퓨팅
053300,한국정보인증,양자암호/양자컴퓨팅
054920,한컴위드,양자암호/양자컴퓨팅
407400,꿈비,엔젤산업
002450,삼익악기,엔젤산업
036000,예림당,엔젤산업
473980,노머스,엔터테인먼트
046390,삼화네트웍스,엔터테인먼트
078860,스테이지원엔터,엔터테인먼트
253450,스튜디오드래곤,엔터테인먼트
200350,아티스트스튜디오,엔터테인먼트
361570,알비더블유,엔터테인먼트
041510,에스엠,엔터테인먼트
458350,에스팀,엔터테인먼트
173940,에프엔씨엔터,엔터테인먼트
122870,와이지엔터테인먼트,엔터테인먼트
051780,큐로홀딩스,엔터테인먼트
182360,큐브엔터,엔터테인먼트
054780,키이스트,엔터테인먼트
032800,판타지오,엔터테인먼트
068050,팬엔터테인먼트,엔터테인먼트
352820,하이브,엔터테인먼트
025860,남해화학,여름
088910,동우팜투테이블,여름
027740,마니커,여름
267790,배럴,여름
000890,보해양조,여름
002700,신일전자,여름
042110,에스씨디,여름
043340,에쎈테크,여름
001550,조비,여름
284740,쿠쿠홈시스,여름
037070,파세코,여름
136480,하림,여름
000080,하이트진로,여름
276730,한울앤제주,여름
104620,노랑풍선,여행
038390,레드캡투어,여행
039310,세중,여행
094850,참좋은여행,여행
408900,스튜디오미르,영상콘텐츠
210120,캔버스엔,영상콘텐츠
322780,코퍼스코리아,영상콘텐츠
079160,CJ CGV,영화
223250,드림씨아이에스,오가노이드
476040,오가노이드사이언스,오가노이드
475960,토모큐브,오가노이드
246710,티앤알바이오팹,오가노이드
403870,HPSP,온디바이스 AI
399720,가온칩스,온디바이스 AI
486990,노타,온디바이스 AI
058470,리노공업,온디바이스 AI
377480,마음AI,온디바이스 AI
009150,삼성전기,온디바이스 AI
222800,심텍,온디바이스 AI
200710,에이디테크놀로지,온디바이스 AI
200470,에이팩트,온디바이스 AI
077500,유니퀘스트,온디바이스 AI
080220,제주반도체,온디바이스 AI
094360,칩스앤미디어,온디바이스 AI
323280,태성,온디바이스 AI
054450,텔레칩스,온디바이스 AI
005090,SGC에너지,온실가스(탄소배출권)/탄소 포집·활용·저장(CCUS)
069260,TKG휴켐스,온실가스(탄소배출권)/탄소 포집·활용·저장(CCUS)
083420,그린케미칼,온실가스(탄소배출권)/탄소 포집·활용·저장(CCUS)
004140,동방,온실가스(탄소배출권)/탄소 포집·활용·저장(CCUS)
163280,에어레인,온실가스(탄소배출권)/탄소 포집·활용·저장(CCUS)
038870,에코심플렉스,온실가스(탄소배출권)/탄소 포집·활용·저장(CCUS)
448280,에코아이,온실가스(탄소배출권)/탄소 포집·활용·저장(CCUS)
014830,유니드,온실가스(탄소배출권)/탄소 포집·활용·저장(CCUS)
008250,이건산업,온실가스(탄소배출권)/탄소 포집·활용·저장(CCUS)
025750,한솔홈데코,온실가스(탄소배출권)/탄소 포집·활용·저장(CCUS)
079550,LIG디펜스앤에어로스페이스,우주항공산업(누리호/인공위성 등)
225190,LK삼양,우주항공산업(누리호/인공위성 등)
478340,나라스페이스테크놀로지,우주항공산업(누리호/인공위성 등)
003490,대한항공,우주항공산업(누리호/인공위성 등)
077360,덕산하이메탈,우주항공산업(누리호/인공위성 등)
474170,루미르,우주항공산업(누리호/인공위성 등)
089980,상아프론테크,우주항공산업(누리호/인공위성 등)
099320,쎄트렉아이,우주항공산업(누리호/인공위성 등)
354320,알멕,우주항공산업(누리호/인공위성 등)
462350,이노스페이스,우주항공산업(누리호/인공위성 등)
361390,제노코,우주항공산업(누리호/인공위성 등)
451760,컨텍,우주항공산업(누리호/인공위성 등)
044490,태웅,우주항공산업(누리호/인공위성 등)
010820,퍼스텍,우주항공산업(누리호/인공위성 등)
047810,한국항공우주,우주항공산업(누리호/인공위성 등)
030520,한글과컴퓨터,우주항공산업(누리호/인공위성 등)
000880,한화,우주항공산업(누리호/인공위성 등)
272210,한화시스템,우주항공산업(누리호/인공위성 등)
255220,SG,우크라이나 재건
002900,TYM,우크라이나 재건
332290,누보,우크라이나 재건
163560,동일고무벨트,우크라이나 재건
365330,에스와이스틸텍,우크라이나 재건
023960,에쓰씨엔지니어링,우크라이나 재건
099750,이지케어텍,원격진료/비대면진료(U-Healthcare)
375500,DL이앤씨,원자력발전
006360,GS건설,원자력발전
036640,HRS,원자력발전
040610,SG&G,원자력발전
100840,SNT에너지,원자력발전
114190,강원에너지,원자력발전
282720,금양그린파워,원자력발전
047040,대우건설,원자력발전
096350,대창솔루션,원자력발전
140520,대창스틸,원자력발전
105740,디케이락,원자력발전
187220,디티앤씨,원자력발전
083650,비에이치아이,원자력발전
086670,비엠티,원자력발전
012210,삼미금속,원자력발전
054540,삼영엠텍,원자력발전
014620,성광벤드,원자력발전
126720,수산인더스트리,원자력발전
095190,신화프리텍,원자력발전
019990,에너토크,원자력발전
103230,에스앤더블류,원자력발전
007460,에이프로젠,원자력발전
046120,오르비텍,원자력발전
105840,우진,원자력발전
457550,우진엔텍,원자력발전
136150,원일티엔아이,원자력발전
038010,제일테크노스,원자력발전
023160,태광,원자력발전
081150,티플랙스,원자력발전
053690,한미글로벌,원자력발전
011700,한신기계,원자력발전
052690,한전기술,원자력발전
098070,한텍,원자력발전
000720,현대건설,원자력발전
263720,디앤씨미디어,웹툰
207760,미스터블루,웹툰
084180,수성웹툰,웹툰
432430,와이랩,웹툰
020120,키다리스튜디오,웹툰
134580,탑코미디어,웹툰
417180,핑거스토리,웹툰
450330,하스,유리 기판
070300,엑스큐어,유심(USIM)
083790,CG인바이츠,유전자 치료제/분석
046210,HLB파나진,유전자 치료제/분석
308080,바이젠셀,유전자 치료제/분석
215600,신라젠,유전자 치료제/분석
461030,아이엠비디엑스,유전자 치료제/분석
389030,지니너스,유전자 치료제/분석
340450,지씨지놈,유전자 치료제/분석
372320,큐로셀,유전자 치료제/분석
199800,툴젠,유전자 치료제/분석
321550,티움바이오,유전자 치료제/분석
339770,교촌에프앤비,육계
195500,마니커에프앤지,육계
066360,체리부로,육계
290720,푸드나무,육계
003650,미창석유,윤활유
002960,한국쉘석유,윤활유
006220,제주은행,은행
279600,미디어젠,음성인식
051500,CJ프레시웨이,음식료업종
003920,남양유업,음식료업종
311390,네오크레마,음식료업종
194700,노바렉스,음식료업종
270870,뉴트리,음식료업종
475560,더본코리아,음식료업종
267980,매일유업,음식료업종
475460,미트박스,음식료업종
188040,바이오포트,음식료업종
238200,비피도,음식료업종
005610,삼립,음식료업종
248170,샘표식품,음식료업종
031440,신세계푸드,음식료업종
435570,에르코스,음식료업종
260970,에스앤디,음식료업종
239610,에이치엘사이언스,음식료업종
357230,에이치피오,음식료업종
009780,엠에스씨,음식료업종
403490,우듬지팜,음식료업종
277410,인산가,음식료업종
002600,조흥,음식료업종
222040,코스맥스엔비티,음식료업종
131100,티엔엔터테인먼트,음식료업종
318010,팜스빌,음식료업종
005670,푸드웰,음식료업종
222980,한국맥널티,음식료업종
353190,휴럼,음식료업종
060570,드림어스컴퍼니,음원/음반
226330,신테카바이오,의료AI
394800,쓰리빌리언,의료AI
382150,온코크로스,의료AI
229000,젠큐릭스,의료AI
388870,파로스아이바이오,의료AI
263690,디알젬,의료기기
214680,디알텍,의료기기
315640,딥노이드,의료기기
228850,레이언스,의료기기
328130,루닛,의료기기
394420,리센스메디컬,의료기기
041920,메디아나,의료기기
058110,멕아이씨에스,의료기기
314930,바이오다인,의료기기
099430,바이오플러스,의료기기
338220,뷰노,의료기기
419540,비스토스,의료기기
208370,셀바스헬스케어,의료기기
056090,시지메드텍,의료기기
458870,씨어스,의료기기
460470,아이빔테크놀로지,의료기기
398120,에스지헬스케어,의료기기
156100,엘앤케이바이오,의료기기
179290,엠아이텍,의료기기
122310,제노레이,의료기기
322510,제이엘케이,의료기기
384470,코어라인소프트,의료기기
340570,티앤엘,의료기기
387570,파인메딕스,의료기기
303360,프로티아,의료기기
405000,플라즈맵,의료기기
042520,한스바이오메드,의료기기
007070,GS리테일,인터넷은행
131370,알서포트,인터넷은행
205100,엑셈,인터넷은행
053280,예스24,인터넷은행
100030,인지소프트,인터넷은행
279570,케이뱅크,인터넷은행
016450,한세예스24홀딩스,인터넷은행
090850,현대이지웰,인터넷은행
373160,데이원컴퍼니,일자리(취업)
133750,메가엠디,일자리(취업)
143240,사람인,일자리(취업)
339950,아이비김영,일자리(취업)
440320,오픈놀,일자리(취업)
376980,원티드랩,일자리(취업)
204320,HL만도,자동차 대표주
003620,KG모빌리티,자동차 대표주
018880,한온시스템,자동차 대표주
126600,BGF에코머티리얼즈,자동차부품
290120,DH오토리드,자동차부품
007340,DN오토모티브,자동차부품
130500,GH신소재,자동차부품
024120,KB오토시스,자동차부품
001380,SG글로벌,자동차부품
123700,SJM,자동차부품
013720,THE CUBE&,자동차부품
053270,구영테크,자동차부품
005710,대원산업,자동차부품
018500,동원금속,자동차부품
016740,두올,자동차부품
104040,디에스엠,자동차부품
002880,디와이에이,자동차부품
113810,디젠스,자동차부품
006660,삼성공조,자동차부품
023000,삼원강재,자동차부품
041650,상신브레이크,자동차부품
075180,새론오토모티브,자동차부품
122690,서진오토모티브,자동차부품
053060,세동,자동차부품
024830,세원물산,자동차부품
021820,세원정공,자동차부품
010580,에스엠벡셀,자동차부품
069510,에스텍,자동차부품
097780,에코볼트,자동차부품
128540,에코캡,자동차부품
067570,엔브이에이치코리아,자동차부품
014440,영보화학,자동차부품
012280,영화금속,자동차부품
012160,영흥,자동차부품
031510,오스템,자동차부품
007530,와이엠,자동차부품
196700,웹스,자동차부품
048430,유라테크,자동차부품
002920,유성기업,자동차부품
088290,이원컴포텍,자동차부품
033250,체시스,자동차부품
071850,캐스텍코리아,자동차부품
001620,케이비아이동국실업,자동차부품
105330,케이엔더블유,자동차부품
004100,태양금속,자동차부품
001420,태원물산,자동차부품
093380,풍강,자동차부품
043370,피에이치에이,자동차부품
010100,한국무브넥스,자동차부품
378850,화승알앤에이,자동차부품
126640,화신정공,자동차부품
010660,화천기계,자동차부품
078590,휴림에이텍,자동차부품
065420,에스아이리소스,자원개발
025440,DH오토웨어,자율주행차
035420,NAVER,자율주행차
208860,다산디엠씨,자율주행차
192650,드림텍,자율주행차
013570,디와이,자율주행차
087260,모바일어플라이언스,자율주행차
053700,삼보모터스,자율주행차
053450,세코닉스,자율주행차
424960,스마트레이더시스템,자율주행차
331740,아우토크립트,자율주행차
214430,아이쓰리시스템,자율주행차
071670,에이테크솔루션,자율주행차
097520,엠씨넥스,자율주행차
105550,엣지파운드리,자율주행차
352910,오비고,자율주행차
082210,옵트론텍,자율주행차
039290,인포뱅크,자율주행차
050110,캠시스,자율주행차
123410,코리아에프티,자율주행차
084730,팅크웨어,자율주행차
038950,파인디지털,자율주행차
064800,포니링크,자율주행차
370090,퓨런티어,자율주행차
024950,삼천리자전거,자전거
123750,알톤,자전거
089470,HDC현대EP,재난/안전(지진/화재 등)
228340,동양파일,재난/안전(지진/화재 등)
072130,유엔젤,재난/안전(지진/화재 등)
083640,인콘,재난/안전(지진/화재 등)
493330,지에프아이,재난/안전(지진/화재 등)
022220,티케이지애강,재난/안전(지진/화재 등)
033540,파라텍,재난/안전(지진/화재 등)
372910,한컴라이프케어,재난/안전(지진/화재 등)
041440,현대에버다임,재난/안전(지진/화재 등)
037440,희림,재난/안전(지진/화재 등)
041930,SY동아,전기차
024910,경창산업,전기차
212560,네오오토,전기차
012340,뉴인텍,전기차
900260,로스웰,전기차
012860,모베이스전자,전기차
463480,모티브링크,전기차
122350,삼기,전기차
003720,삼영,전기차
361670,삼영에스앤씨,전기차
014910,성문전자,전기차
080470,성창오토텍,전기차
066590,스모트로닉,전기차
308170,씨티알모빌리티,전기차
090150,아이윈,전기차
009320,아진전자부품,전기차
355690,에이텀,전기차
038110,에코플라스틱,전기차
123040,엠에스오토텍,전기차
033310,엠투엔,전기차
215360,우리산업,전기차
023810,인팩,전기차
013870,지엠비코리아,전기차
058430,포스코스틸리온,전기차
234100,폴라리스세원,전기차
000240,한국앤컴퍼니,전기차
170030,현대공업,전기차
010690,화신,전기차
138070,신진에스엠,전기차 화재 방지(배터리 열폭주 등)
317870,엔바이오니아,전기차 화재 방지(배터리 열폭주 등)
037560,LG헬로비전,전기차(충전소/충전기)
063570,NICE인프라,전기차(충전소/충전기)
034730,SK,전기차(충전소/충전기)
001740,SK네트웍스,전기차(충전소/충전기)
453450,그리드위즈,전기차(충전소/충전기)
000270,기아,전기차(충전소/충전기)
079960,동양이엔피,전기차(충전소/충전기)
066670,디티씨,전기차(충전소/충전기)
286940,롯데이노베이트,전기차(충전소/충전기)
118990,모트렉스,전기차(충전소/충전기)
248070,솔루엠,전기차(충전소/충전기)
307180,아이엘,전기차(충전소/충전기)
085810,알티캐스트,전기차(충전소/충전기)
273640,와이엠텍,전기차(충전소/충전기)
011690,와이투솔루션,전기차(충전소/충전기)
217820,원익피앤이,전기차(충전소/충전기)
459100,위츠,전기차(충전소/충전기)
051360,토비스,전기차(충전소/충전기)
005380,현대차,전기차(충전소/충전기)
115160,휴맥스,전기차(충전소/충전기)
028080,휴맥스홀딩스,전기차(충전소/충전기)
092220,KEC,전력반도체
061970,LB세미콘,전력반도체
247660,나노씨엠에스,전력반도체
429270,시지트로닉스,전력반도체
464500,아이언디바이스,전력반도체
038880,아이에이,전력반도체
102120,어보브반도체,전력반도체
172670,에이엘티,전력반도체
432470,케이엔에스,전력반도체
095610,테스,전력반도체
037030,파워넷,전력반도체
267260,HD현대일렉트릭,전력설비
010120,LS ELECTRIC,전력설비
036190,금화피에스시,전력설비
034020,두산에너빌리티,전력설비
038460,바이오스마트,전력설비
006910,보성파워텍,전력설비
054220,비츠로시스,전력설비
042370,비츠로테크,전력설비
062040,산일전기,전력설비
294630,서남,전력설비
189860,서전기전,전력설비
007610,선도전기,전력설비
017510,세명전기,전력설비
096690,에이루트,전력설비
479960,위너스일렉,전력설비
147830,제룡산업,전력설비
033100,제룡전기,전력설비
199820,제일일렉트릭,전력설비
119850,지엔씨에너지,전력설비
388050,지투파워,전력설비
125020,티씨머티리얼즈,전력설비
237750,피앤씨테크,전력설비
015760,한국전력,전력설비
051600,한전KPS,전력설비
130660,한전산업,전력설비
298040,효성중공업,전력설비
322000,HD현대에너지솔루션,전력저장장치(ESS)
009470,삼화전기,전력저장장치(ESS)
024840,KBI메탈,전선
006260,LS,전선
060370,LS마린솔루션,전선
229640,LS에코에너지,전선
000500,가온전선,전선
006340,대원전선,전선
001440,대한전선,전선
103590,일진전기,전선
181710,NHN,전자결제(전자화폐)
115310,인포바인,전자결제(전자화폐)
042000,카페24,전자결제(전자화폐)
032960,동일기연,전자파
263810,상신전자,전자파
081580,성우전자,전자파
368600,아이씨에이치,전자파
049550,잉크테크,전자파
058820,CMG제약,제약업체
234080,JW생명과학,제약업체
326030,SK바이오팜,제약업체
011040,경동제약,제약업체
214390,경보제약,제약업체
003000,부광약품,제약업체
082800,비보존 제약,제약업체
009300,삼아제약,제약업체
308430,셀비온,제약업체
012790,신일제약,제약업체
003520,영진약품,제약업체
033270,유나이티드제약,제약업체
003120,일성아이에스,제약업체
007570,일양약품,제약업체
204840,지엘팜텍,제약업체
102940,코오롱생명과학,제약업체
041910,폴라리스AI파마,제약업체
334970,프레스티지바이오로직스,제약업체
950210,프레스티지바이오파마,제약업체
293480,하나제약,제약업체
106190,하이텍팜,제약업체
009420,한올바이오파마,제약업체
001810,무림SP,제지
009200,무림페이퍼,제지
009770,삼정펄프,제지
002870,신풍,제지
002310,아세아제지,제지
001020,페이퍼코리아,제지
002200,한국수출포장,제지
027970,한국제지,제지
213500,한솔제지,제지
009460,한창제지,제지
025950,동신건설,조림사업
137950,제이씨케미칼,조림사업
097870,효성오앤비,조림사업
071970,HD현대마린엔진,조선기자재
101000,KS인더스트리,조선기자재
099410,동방선기,조선기자재
033500,동성화인텍,조선기자재
014940,오리엔탈정공,조선기자재
101930,인화정공,조선기자재
333430,일승,조선기자재
120030,조선선재,조선기자재
064820,케이프,조선기자재
082740,한화엔진,조선기자재
460930,현대힘스,조선기자재
133820,화인베스틸,조선기자재
000120,CJ대한통운,종합 물류
009070,KCTC,종합 물류
465770,STX그린로지스,종합 물류
032280,삼일,종합 물류
003100,선광,종합 물류
004360,세방,종합 물류
024800,유성티엔에스,종합 물류
129260,인터지스,종합 물류
009180,한솔로지스틱스,종합 물류
014130,한익스프레스,종합 물류
002320,한진,종합 물류
001250,GS글로벌,종합상사
011760,현대코퍼레이션,종합상사
023150,MH에탄올,"주류업(주정, 에탄올 등)"
405920,나라셀라,"주류업(주정, 에탄올 등)"
018120,진로발효,"주류업(주정, 에탄올 등)"
004650,창해에탄올,"주류업(주정, 에탄올 등)"
395400,SK리츠,주유소
014530,극동유화,주유소
002420,세기상사,주유소
038620,위즈코프,주유소
000440,중앙에너비스,주유소
357120,코람코라이프인프라리츠,주유소
024060,흥구석유,주유소
067630,HLB생명과학,줄기세포
118000,메타케어,줄기세포
086820,바이오솔루션,줄기세포
065660,안트로젠,줄기세포
304360,에스바이오메딕스,줄기세포
373110,엑셀세라퓨틱스,줄기세포
456070,이엔셀,줄기세포
166480,코아스템켐온,줄기세포
191420,테고사이언스,줄기세포
016670,디모아,증강현실(AR)
016610,DB증권,증권
078020,LS증권,증권
005940,NH투자증권,증권
001510,SK증권,증권
030610,교보증권,증권
030210,다올투자증권,증권
003540,대신증권,증권
006800,미래에셋증권,증권
001270,부국증권,증권
016360,삼성증권,증권
001290,상상인증권,증권
001720,신영증권,증권
003470,유안타증권,증권
001200,유진투자증권,증권
003460,유화증권,증권
190650,코리아에셋투자증권,증권
039490,키움증권,증권
071050,한국금융지주,증권
001750,한양증권,증권
003530,한화투자증권,증권
001500,현대차증권,증권
290660,다이나믹솔루션,지능형로봇/인공지능(AI)
299170,더블유에스아이,지능형로봇/인공지능(AI)
215100,로보로보,지능형로봇/인공지능(AI)
288980,모아데이타,지능형로봇/인공지능(AI)
301300,바이브컴퍼니,지능형로봇/인공지능(AI)
099390,브레인즈컴퍼니,지능형로봇/인공지능(AI)
413640,비아이매트릭스,지능형로봇/인공지능(AI)
148780,비큐AI,지능형로봇/인공지능(AI)
419120,산돌,지능형로봇/인공지능(AI)
444530,심플랫폼,지능형로봇/인공지능(AI)
417860,오브젠,지능형로봇/인공지능(AI)
389680,유디엠텍,지능형로봇/인공지능(AI)
239340,이스트에이드,지능형로봇/인공지능(AI)
402030,코난테크놀로지,지능형로봇/인공지능(AI)
027410,BGF,지주사
001040,CJ,지주사
000480,CR홀딩스,지주사
000590,CS홀딩스,지주사
000210,DL,지주사
004840,DRB동일,지주사
007700,F&F홀딩스,지주사
487570,HS효성,지주사
015360,INVENI,지주사
096760,JW홀딩스,지주사
001940,KISCO홀딩스,지주사
092230,KPX홀딩스,지주사
383800,LX홀딩스,지주사
010060,OCI홀딩스,지주사
025530,SJM홀딩스,지주사
006120,SK디스커버리,지주사
036530,SNT홀딩스,지주사
012320,경동인베스트,지주사
005720,넥센,지주사
000320,노루홀딩스,지주사
005250,녹십자홀딩스,지주사
072710,농심홀딩스,지주사
008060,대덕,지주사
084690,대상홀딩스,지주사
003090,대웅,지주사
001230,동국홀딩스,지주사
102260,동성케미컬,지주사
000640,동아쏘시오홀딩스,지주사
005990,매일홀딩스,지주사
107590,미원홀딩스,지주사
028260,삼성물산,지주사
000070,삼양홀딩스,지주사
007540,샘표,지주사
007860,서연,지주사
000180,성창기업지주,지주사
035610,솔본,지주사
006880,신송홀딩스,지주사
002030,아세아,지주사
054800,아이디스홀딩스,지주사
900140,엘브이엠씨홀딩스,지주사
001800,오리온홀딩스,지주사
072470,우리산업홀딩스,지주사
016880,웅진,지주사
078070,유비쿼스홀딩스,지주사
002620,제일파마홀딩스,지주사
001630,종근당홀딩스,지주사
100250,진양홀딩스,지주사
044820,코스맥스비티아이,지주사
036420,콘텐트리중앙,지주사
192400,쿠쿠홀딩스,지주사
005740,크라운해태홀딩스,지주사
950250,테라뷰,지주사
363280,티와이홀딩스,지주사
003380,하림지주,지주사
006200,한국전자홀딩스,지주사
004150,한솔홀딩스,지주사
003300,한일홀딩스,지주사
003480,한진중공업홀딩스,지주사
034810,해성산업,지주사
241590,화승엔터프라이즈,지주사
084110,휴온스글로벌,지주사
440290,HB인베스트먼트,창투사
289080,SV인베스트먼트,창투사
027830,대성창투,창투사
277070,린드먼아시아,창투사
330730,스톤브릿지벤처스,창투사
026890,스틱인베스트먼트,창투사
021080,에이티넘인베스트,창투사
452300,캡스톤파트너스,창투사
307930,컴퍼니케이,창투사
016600,큐캐피탈,창투사
075130,플랜티넷,창투사
019570,플루토스,창투사
084010,대한제강,철강 주요종목
460850,동국씨엠,철강 주요종목
460860,동국제강,철강 주요종목
104700,한국철강,철강 주요종목
069730,DSR제강,철강 중소형
008970,KBI동양철관,철강 중소형
008260,NI스틸,철강 중소형
039240,경남스틸,철강 중소형
014280,금강공업,철강 중소형
053260,금강철강,철강 중소형
092790,넥스틸,철강 중소형
048470,대동스틸,철강 중소형
021040,대호특수강,철강 중소형
060380,동양에스텍,철강 중소형
004890,동일산업,철강 중소형
023790,동일스틸럭스,철강 중소형
001080,만호제강,철강 중소형
008420,문배철강,철강 중소형
026940,부국철강,철강 중소형
162300,신스틸,철강 중소형
139990,아주스틸,철강 중소형
012620,원일특강,철강 중소형
146060,율촌,철강 중소형
049430,코메론,철강 중소형
475430,키스트론,철강 중소형
071090,하이스틸,철강 중소형
000970,한국주철관,철강 중소형
007280,한국특강,철강 중소형
002220,한일철강,철강 중소형
005010,휴스틸,철강 중소형
039570,HDC랩스,철도
006050,국영지앤엠,철도
001260,남광토건,철도
045390,대아티아이,철도
108380,대양전기공업,철도
002150,도화엔지니어링,철도
002690,동일제강,철도
004440,삼일씨엔에스,철도
017480,삼현철강,철도
100660,서암기계공업,철도
011370,서한,철도
001780,알루코,철도
234300,에스트래픽,철도
058610,에스피지,철도
032820,우리기술,철도
054930,유신,철도
039980,폴라리스AI,철도
094940,푸른기술,철도
013030,하이록코리아,철도
023350,한국종합기술,철도
064350,현대로템,철도
004020,현대제철,철도
032560,황금에스티,철도
004830,덕성,초전도체
065350,신성델타테크,초전도체
012170,아센디오,초전도체
037330,인지디스플레,초전도체
023800,인지컨트롤스,초전도체
047310,파워로직스,초전도체
047920,HLB제약,치매
285130,SK케미칼,치매
014570,고려제약,치매
007390,네이처셀,치매
067080,대화제약,치매
006620,동구바이오제약,치매
170900,동아에스티,치매
176750,듀켐바이오,치매
214260,라파스,치매
302550,리메드,치매
017180,명문제약,치매
317450,명인제약,치매
086040,바이오톡스텍,치매
310210,보로노이,치매
001360,삼성제약,치매
005500,삼진제약,치매
378800,샤페론,치매
253840,수젠텍,치매
002800,신신제약,치매
476830,알지노믹스,치매
298380,에이비엘바이오,치매
003060,에이프로젠바이오로직스,치매
354200,엔젠바이오,치매
000220,유유제약,치매
086890,이수앱지스,치매
102460,이연제약,치매
389470,인벤티지랩,치매
082270,젬백스,치매
456160,지투지바이오,치매
007370,진양제약,치매
317690,퀀타매트릭스,치매
365270,큐라클,치매
087010,펩트론,치매
220100,퓨쳐켐,치매
304840,피플바이오,치매
065650,하이퍼코퍼레이션,치매
032300,한국파마,치매
004310,현대약품,치매
061250,화일약품,치매
016580,환인제약,치매
318060,그래피,치아 치료(임플란트 등)
138610,나이벡,치아 치료(임플란트 등)
261200,덴티스,치아 치료(임플란트 등)
039840,디오,치아 치료(임플란트 등)
228670,레이,치아 치료(임플란트 등)
059210,메타바이오메드,치아 치료(임플란트 등)
043150,바텍,치아 치료(임플란트 등)
004080,신흥,치아 치료(임플란트 등)
226400,오스테오닉,치아 치료(임플란트 등)
052260,현대바이오랜드,치아 치료(임플란트 등)
049630,재영솔루텍,카메라모듈/부품
196450,코아시아씨엠,카메라모듈/부품
087600,픽셀플러스,카메라모듈/부품
114090,GKL,카지노
052330,코텍,카지노
419530,SAMG엔터,캐릭터상품
369370,블리츠웨이엔터테인먼트,캐릭터상품
317530,에피소드컴퍼니,캐릭터상품
039830,오로라,캐릭터상품
215380,우정바이오,코로나19(음압병실/음압구급차)
302440,SK바이오사이언스,코로나19(진단/치료제/백신 개발 등)
142280,녹십자엠에스,코로나19(진단/치료제/백신 개발 등)
141080,리가켐바이오,코로나19(진단/치료제/백신 개발 등)
305090,마이크로디지탈,코로나19(진단/치료제/백신 개발 등)
206640,바디텍메드,코로나19(진단/치료제/백신 개발 등)
377740,바이오노트,코로나19(진단/치료제/백신 개발 등)
064550,바이오니아,코로나19(진단/치료제/백신 개발 등)
200780,비씨월드제약,코로나19(진단/치료제/백신 개발 등)
299660,셀리드,코로나19(진단/치료제/백신 개발 등)
019170,신풍제약,코로나19(진단/치료제/백신 개발 등)
096530,씨젠,코로나19(진단/치료제/백신 개발 등)
238120,얼라인드,코로나19(진단/치료제/백신 개발 등)
137310,에스디바이오센서,코로나19(진단/치료제/백신 개발 등)
203400,에이비온,코로나19(진단/치료제/백신 개발 등)
950130,엑세스바이오,코로나19(진단/치료제/백신 개발 등)
036220,오상헬스케어,코로나19(진단/치료제/백신 개발 등)
101140,인바이오젠,코로나19(진단/치료제/백신 개발 등)
249420,일동제약,코로나19(진단/치료제/백신 개발 등)
225220,제놀루션,코로나19(진단/치료제/백신 개발 등)
221800,지구홀딩스,코로나19(진단/치료제/백신 개발 등)
228760,지노믹트리,코로나19(진단/치료제/백신 개발 등)
109820,진매트릭스,코로나19(진단/치료제/백신 개발 등)
363250,진시스템,코로나19(진단/치료제/백신 개발 등)
261780,차백신연구소,코로나19(진단/치료제/백신 개발 등)
038530,케이바이오랩스,코로나19(진단/치료제/백신 개발 등)
004720,팜젠사이언스,코로나19(진단/치료제/백신 개발 등)
335810,프리시젼바이오,코로나19(진단/치료제/백신 개발 등)
205470,휴마시스,코로나19(진단/치료제/백신 개발 등)
282330,BGF리테일,코리아 밸류업 지수(Korea Value-up Index)
005830,DB손해보험,코리아 밸류업 지수(Korea Value-up Index)
383220,F&F,코리아 밸류업 지수(Korea Value-up Index)
267250,HD현대,코리아 밸류업 지수(Korea Value-up Index)
011200,HMM,코리아 밸류업 지수(Korea Value-up Index)
175330,JB금융지주,코리아 밸류업 지수(Korea Value-up Index)
001060,JW중외제약,코리아 밸류업 지수(Korea Value-up Index)
035900,JYP Ent.,코리아 밸류업 지수(Korea Value-up Index)
033780,KT&G,코리아 밸류업 지수(Korea Value-up Index)
030190,NICE평가정보,코리아 밸류업 지수(Korea Value-up Index)
018670,SK가스,코리아 밸류업 지수(Korea Value-up Index)
067160,SOOP,코리아 밸류업 지수(Korea Value-up Index)
035250,강원랜드,코리아 밸류업 지수(Korea Value-up Index)
192080,더블유게임즈,코리아 밸류업 지수(Korea Value-up Index)
145720,덴티움,코리아 밸류업 지수(Korea Value-up Index)
026960,동서,코리아 밸류업 지수(Korea Value-up Index)
089860,롯데렌탈,코리아 밸류업 지수(Korea Value-up Index)
005300,롯데칠성,코리아 밸류업 지수(Korea Value-up Index)
215200,메가스터디교육,코리아 밸류업 지수(Korea Value-up Index)
138040,메리츠금융지주,코리아 밸류업 지수(Korea Value-up Index)
009900,명신산업,코리아 밸류업 지수(Korea Value-up Index)
002840,미원상사,코리아 밸류업 지수(Korea Value-up Index)
005180,빙그레,코리아 밸류업 지수(Korea Value-up Index)
000810,삼성화재,코리아 밸류업 지수(Korea Value-up Index)
003230,삼양식품,코리아 밸류업 지수(Korea Value-up Index)
090430,아모레퍼시픽,코리아 밸류업 지수(Korea Value-up Index)
383310,에코프로에이치엔,코리아 밸류업 지수(Korea Value-up Index)
290650,엘앤씨바이오,코리아 밸류업 지수(Korea Value-up Index)
271560,오리온,코리아 밸류업 지수(Korea Value-up Index)
316140,우리금융지주,코리아 밸류업 지수(Korea Value-up Index)
336570,원텍,코리아 밸류업 지수(Korea Value-up Index)
030000,제일기획,코리아 밸류업 지수(Korea Value-up Index)
185750,종근당,코리아 밸류업 지수(Korea Value-up Index)
381970,케이카,코리아 밸류업 지수(Korea Value-up Index)
192820,코스맥스,코리아 밸류업 지수(Korea Value-up Index)
021240,코웨이,코리아 밸류업 지수(Korea Value-up Index)
259960,크래프톤,코리아 밸류업 지수(Korea Value-up Index)
214150,클래시스,코리아 밸류업 지수(Korea Value-up Index)
214450,파마리서치,코리아 밸류업 지수(Korea Value-up Index)
047050,포스코인터내셔널,코리아 밸류업 지수(Korea Value-up Index)
103140,풍산,코리아 밸류업 지수(Korea Value-up Index)
039130,하나투어,코리아 밸류업 지수(Korea Value-up Index)
008930,한미사이언스,코리아 밸류업 지수(Korea Value-up Index)
128940,한미약품,코리아 밸류업 지수(Korea Value-up Index)
009240,한샘,코리아 밸류업 지수(Korea Value-up Index)
180640,한진칼,코리아 밸류업 지수(Korea Value-up Index)
017800,현대엘리베이터,코리아 밸류업 지수(Korea Value-up Index)
298020,효성티앤씨,코리아 밸류업 지수(Korea Value-up Index)
115450,HLB테라퓨틱스,콜드체인(저온 유통)
246960,SCL사이언스,콜드체인(저온 유통)
131220,대한과학,콜드체인(저온 유통)
038070,서린바이오,콜드체인(저온 유통)
068330,일신바이오,콜드체인(저온 유통)
144510,지씨셀,콜드체인(저온 유통)
365550,ESR켄달스퀘어리츠,쿠팡(coupang)
160550,NEW,쿠팡(coupang)
004410,서울식품,쿠팡(coupang)
086980,쇼박스,쿠팡(coupang)
289010,아이스크림에듀,쿠팡(coupang)
321820,아티스트컴퍼니,쿠팡(coupang)
297570,알로이스,쿠팡(coupang)
307870,비투엔,클라우드 컴퓨팅
304100,솔트룩스,클라우드 컴퓨팅
058970,엠로,클라우드 컴퓨팅
060850,영림원소프트랩,클라우드 컴퓨팅
093320,케이아이엔엑스,클라우드 컴퓨팅
189690,포시에스,클라우드 컴퓨팅
220180,핸디소프트,클라우드 컴퓨팅
177830,파버나인,키오스크(KIOSK)
105760,포스뱅크,키오스크(KIOSK)
073240,금호타이어,타이어
011780,금호석유화학,탄소나노튜브(CNT)
272550,삼양패키징,탈 플라스틱(친환경/생분해성 등)
340440,세림B&G,탈 플라스틱(친환경/생분해성 등)
037230,한국팩키지,탈 플라스틱(친환경/생분해성 등)
067290,JW신약,탈모 치료
317240,TS트릴리온,탈모 치료
260660,알리코제약,탈모 치료
330350,위더스제약,탈모 치료
344860,이노진,탈모 치료
099220,SDN,태양광에너지
109610,에스와이,태양광에너지
060900,에이전트AI,태양광에너지
043200,파루,태양광에너지
060260,뉴보텍,태풍 및 장마
007590,동방아그로,태풍 및 장마
066620,국보디자인,테마파크
464580,닷밀,테마파크
020710,시공테크,테마파크
084680,이월드,테마파크
236810,엔비티,토스(toss)
211270,AP위성,통신장비
073490,LIG아큐버,통신장비
078890,가온그룹,통신장비
049080,기가레인,통신장비
035460,기산텔레콤,통신장비
340360,다보링크,통신장비
039560,다산네트웍스,통신장비
072950,빛샘전자,통신장비
037460,삼지전자,통신장비
178320,서진시스템,통신장비
321370,센서뷰,통신장비
088280,쏘닉스,통신장비
050890,쏠리드,통신장비
148250,알엔투테크놀로지,통신장비
088800,에이스테크,통신장비
230240,에치에프알,통신장비
073540,에프알텍,통신장비
192410,오늘이엔엠,통신장비
138080,오이솔루션,통신장비
109080,옵티시스,통신장비
065530,와이어블,통신장비
046970,우리로,통신장비
095270,웨이브일렉트로,통신장비
289930,웨이비스,통신장비
264450,유비쿼스,통신장비
215790,이노인스트루먼트,통신장비
189300,인텔리안테크,통신장비
109070,주성코퍼레이션,통신장비
032500,케이엠더블유,통신장비
056360,코위버,통신장비
200230,텔콘RF제약,통신장비
170790,파이오링크,통신장비
033790,피노,통신장비
091440,한울소재과학,통신장비
175140,휴먼테크놀로지,통신장비
093050,LF,패션/의류
000680,LS네트웍스,패션/의류
004060,SG세계물산,패션/의류
007980,TP,패션/의류
366030,공구우먼,패션/의류
145170,노브랜드,패션/의류
462310,뉴키즈온,패션/의류
016090,대현,패션/의류
298540,더네이쳐홀딩스,패션/의류
111380,동인기연,패션/의류
090370,메타랩스,패션/의류
478560,블랙야크아이앤씨,패션/의류
005800,신영와코루,패션/의류
009270,신원,패션/의류
109670,씨싸이트,패션/의류
306040,에스제이그룹,패션/의류
098660,에스티오,패션/의류
481070,에이유브랜즈,패션/의류
278470,에이피알,패션/의류
005320,온타이드,패션/의류
335870,윙스풋,패션/의류
014990,인디에프,패션/의류
026040,제이에스티나,패션/의류
337930,젝시믹스,패션/의류
065060,지엔코,패션/의류
088790,진도,패션/의류
215480,토박스코리아,패션/의류
225590,패션플랫폼,패션/의류
472850,폰드그룹,패션/의류
105630,한세실업,패션/의류
011080,형지I&C,패션/의류
093240,형지엘리트,패션/의류
111110,호전실업,패션/의류
006060,화승인더,패션/의류
101240,씨큐브,페라이트
007770,한일화학,페라이트
000860,강남제비스코,페인트
090350,노루페인트,페인트
009410,태영건설,폐기물처리
017860,DS단석,폐배터리
004250,NPC,폐배터리
010780,아이에스동서,폐배터리
060150,인선이엔티,폐배터리
060720,KH바텍,폴더블폰
011790,SKC,폴더블폰
285490,노바텍,폴더블폰
484120,도우인시스,폴더블폰
290550,디케이티,폴더블폰
148150,세경하이테크,폴더블폰
096630,에스코넥,폴더블폰
014190,원익큐브,폴더블폰
179900,유티아이,폴더블폰
120110,코오롱인더,폴더블폰
441270,파인엠텍,폴더블폰
100090,SK오션플랜트,풍력에너지
389260,대명에너지,풍력에너지
100130,동국S&C,풍력에너지
005160,동국산업,풍력에너지
306200,세아제강,풍력에너지
003030,세아제강지주,풍력에너지
075580,세진중공업,풍력에너지
297090,씨에스베어링,풍력에너지
112610,씨에스윈드,풍력에너지
115530,씨엔플러스,풍력에너지
018000,유니슨,풍력에너지
003070,코오롱글로벌,풍력에너지
004800,효성,풍력에너지
241520,DSC인베스트먼트,퓨리오사AI
246690,TS인베스트먼트,퓨리오사AI
293580,나우IB,퓨리오사AI
317770,엑스페릭스,퓨리오사AI
096250,와이즈넛,퓨리오사AI
393210,토마토시스템,퓨리오사AI
389140,포바이포,퓨리오사AI
068790,DMS,플렉서블 디스플레이
297890,HB솔루션,플렉서블 디스플레이
141000,비아트론,플렉서블 디스플레이
290520,신도기연,플렉서블 디스플레이
059100,아이컴포넌트,플렉서블 디스플레이
011070,LG이노텍,피지컬 AI/휴머노이드 로봇
086960,MDS테크,피지컬 AI/휴머노이드 로봇
459510,나우로보틱스,피지컬 AI/휴머노이드 로봇
348340,뉴로메카,피지컬 AI/휴머노이드 로봇
277810,레인보우로보틱스,피지컬 AI/휴머노이드 로봇
108490,로보티즈,피지컬 AI/휴머노이드 로봇
437730,삼현,피지컬 AI/휴머노이드 로봇
298830,슈어소프트테크,피지컬 AI/휴머노이드 로봇
475400,씨메스로보틱스,피지컬 AI/휴머노이드 로봇
389500,에스비비테크,피지컬 AI/휴머노이드 로봇
464080,에스오에스랩,피지컬 AI/휴머노이드 로봇
101170,우림피티에스,피지컬 AI/휴머노이드 로봇
241690,유니테크노,피지컬 AI/휴머노이드 로봇
056080,유진로봇,피지컬 AI/휴머노이드 로봇
264850,이랜시스,피지컬 AI/휴머노이드 로봇
199430,케이엔알시스템,피지컬 AI/휴머노이드 로봇
466100,클로봇,피지컬 AI/휴머노이드 로봇
117730,티로보틱스,피지컬 AI/휴머노이드 로봇
448900,한국피아이엠,피지컬 AI/휴머노이드 로봇
125490,한라캐스트,피지컬 AI/휴머노이드 로봇
086280,현대글로비스,피지컬 AI/휴머노이드 로봇
012330,현대모비스,피지컬 AI/휴머노이드 로봇
307950,현대오토에버,피지컬 AI/휴머노이드 로봇
011210,현대위아,피지컬 AI/휴머노이드 로봇
000850,화천기공,피지컬 AI/휴머노이드 로봇
073010,케이에스피,피팅(관이음쇠)/밸브
039610,화성밸브,피팅(관이음쇠)/밸브
184230,SGA솔루션즈,핀테크(FinTech)
079940,가비아,핀테크(FinTech)
064480,브리지텍,핀테크(FinTech)
053580,웹케시,핀테크(FinTech)
067920,이글루,핀테크(FinTech)
053350,이니텍,핀테크(FinTech)
047560,이스트소프트,핀테크(FinTech)
035720,카카오,핀테크(FinTech)
052400,코나아이,핀테크(FinTech)
041460,한국전자인증,핀테크(FinTech)
408470,한패스,핀테크(FinTech)
298690,에어부산,항공/저가 항공사(LCC)
272450,진에어,항공/저가 항공사(LCC)
091810,트리니티항공,항공/저가 항공사(LCC)
004870,티웨이홀딩스,항공/저가 항공사(LCC)
067390,아스트,항공기부품
044450,KSS해운,해운
003280,흥아해운,해운
028100,동아지질,해저터널(지하화/지하도로 등)
011390,부산산업,해저터널(지하화/지하도로 등)
046940,우원개발,해저터널(지하화/지하도로 등)
026150,특수건설,해저터널(지하화/지하도로 등)
025550,한국선재,해저터널(지하화/지하도로 등)
002240,고려제강,핵융합에너지
250060,모비스,핵융합에너지
488900,비츠로넥스텍,핵융합에너지
094820,일진파워,핵융합에너지
499790,GS피앤엘,호텔/리조트
294870,IPARK현대산업개발,호텔/리조트
032350,롯데관광개발,호텔/리조트
070960,모나용평,호텔/리조트
006730,서부T&D,호텔/리조트
007720,소노스퀘어,호텔/리조트
025980,아난티,호텔/리조트
139480,이마트,호텔/리조트
194370,제이에스코퍼레이션,호텔/리조트
034230,파라다이스,호텔/리조트
003240,태광산업,홈쇼핑
057050,현대홈쇼핑,홈쇼핑
023910,대한약품,화이자(PFIZER)
018680,서울제약,화이자(PFIZER)
000100,유한양행,화이자(PFIZER)
271980,제일약품,화이자(PFIZER)
083660,CSA 코스믹,화장품
003580,HLB글로벌,화장품
196300,HLB펩,화장품
217730,강스템바이오텍,화장품
019660,글로본,화장품
168330,내츄럴엔도텍,화장품
092730,네오팜,화장품
137940,넥스트아이,화장품
483650,달바글로벌,화장품
078140,대봉엘에스,화장품
032860,더라미,화장품
219550,디와이디,화장품
016100,리더스코스메틱,화장품
439090,마녀공장,화장품
142760,모아라이프플러스,화장품
018700,바른손,화장품
489460,바이오비쥬,화장품
226340,본느,화장품
406820,뷰티스킨,화장품
451250,삐아,화장품
086710,선진뷰티사이언스,화장품
252500,세화피앤씨,화장품
471820,셀로맥스사이언스,화장품
318160,셀바이오휴먼텍,화장품
049830,승일,화장품
257720,실리콘투,화장품
352480,씨앤씨인터내셔널,화장품
260930,씨티케이,화장품
227610,아우딘퓨쳐스,화장품
114840,아이패밀리에스씨,화장품
460870,에스엠씨지,화장품
078520,에이블씨엔씨,화장품
453860,에이에스텍,화장품
159910,에코글로우,화장품
265740,엔에프씨,화장품
226320,잇츠한불,화장품
950140,잉글우드랩,화장품
123330,제닉,화장품
159580,제로투세븐,화장품
420570,제이투케이바이오,화장품
314130,지놈앤컴퍼니,화장품
388610,지에프씨생명과학,화장품
025620,차AI헬스케어,화장품
214370,케어젠,화장품
225430,케이엠제약,화장품
080530,코디,화장품
027050,코리아나,화장품
241710,코스메카코리아,화장품
237880,클리오,화장품
251970,펌텍코리아,화장품
298060,풍전약품,화장품
377220,프롬바이오,화장품
347740,피엔케이피부임상연구센타,화장품
161890,한국콜마,화장품
123690,한국화장품,화장품
003350,한국화장품제조,화장품
048410,현대바이오,화장품
263920,휴엠앤씨,화장품
067730,로지시스,화폐/금융자동화기기(디지털화폐 등)
089150,케이씨티,화폐/금융자동화기기(디지털화폐 등)
052600,한네트,화폐/금융자동화기기(디지털화폐 등)
003830,대한화섬,화학섬유
097950,CJ제일제당,환율하락 수혜
001680,대상,환율하락 수혜
001130,대한제분,환율하락 수혜
080160,모두투어,환율하락 수혜
020560,아시아나항공,환율하락 수혜
007310,오뚜기,환율하락 수혜
002720,국제약품,황사/미세먼지
187790,나노,황사/미세먼지
069140,누리플랜,황사/미세먼지
003850,보령,황사/미세먼지
000520,삼일제약,황사/미세먼지
352700,씨앤투스,황사/미세먼지
001540,안국약품,황사/미세먼지
131030,옵투스제약,황사/미세먼지
083550,케이엠,황사/미세먼지
068100,케이웨더,황사/미세먼지
045520,크린앤사이언스,황사/미세먼지
065510,휴비츠,황사/미세먼지
024890,대원화성,희귀금속(희토류 등)
419080,엔젯,희귀금속(희토류 등)
011300,우성머티리얼스,희귀금속(희토류 등)
000910,유니온,희귀금속(희토류 등)
047400,유니온머티리얼,희귀금속(희토류 등)
127120,제이에스링크,희귀금속(희토류 등)
