theme,changeRate
전선,17.03
전력설비,11.4
광통신(광케이블/광섬유 등),10.53
해저터널(지하화/지하도로 등),8.75
증권,6.87
반도체 대표주(생산),6.66
스마트그리드(지능형전력망),5.76
통신장비,5.54
HBM(고대역폭메모리),5.42
CXL(컴퓨트익스프레스링크),5.29
귀금속(금/은),5.0
5G(5세대 이동통신),4.84
뉴로모픽 반도체,4.81
전력반도체,4.74
온디바이스 AI,4.63
MLCC(적층세라믹콘덴서),4.39
마이크로 LED,4.28
시스템반도체,4.26
전기차(충전소/충전기),4.18
IT 대표주,3.64
양자암호/양자컴퓨팅,3.61
2차전지(전고체),3.48
반도체 장비,3.47
핵융합에너지,3.47
피지컬 AI/휴머노이드 로봇,3.47
철도,3.4
냉각시스템(액침냉각 등),3.4
스페이스X(SpaceX),3.39
자동차 대표주,3.34
2차전지(LFP/리튬인산철),3.34
STO(토큰증권 발행),3.33
소캠(SOCAMM),3.31
무선충전기술,3.3
우주항공산업(누리호/인공위성 등),3.24
퓨리오사AI,2.94
PCB(FPCB 등),2.91
그래핀,2.87
원자력발전,2.86
면세점,2.79
아이폰,2.77
스마트홈(홈네트워크),2.75
반도체 재료/부품,2.72
전자파,2.67
LED,2.65
리튬,2.65
초전도체,2.56
재난/안전(지진/화재 등),2.53
고체산화물 연료전지(SOFC),2.5
건설기계,2.47
폴더블폰,2.45
자율주행차,2.35
2차전지,2.29
스테이블코인,2.24
2차전지(소재/부품),2.23
日 수출 규제(국산화 등),2.22
NI(네트워크통합),2.16
스마트폰,2.14
야놀자(Yanolja),2.13
탄소나노튜브(CNT),2.11
플렉서블 디스플레이,2.09
생명보험,2.08
바이오인식(생체인식),2.04
스마트팩토리(스마트공장),2.03
핀테크(FinTech),1.94
로봇(산업용/협동로봇 등),1.94
코리아 밸류업 지수(Korea Value-up Index),1.94
OLED(유기 발광 다이오드),1.92
모더나(MODERNA),1.92
2차전지(장비),1.9
방위산업/전쟁 및 테러,1.88
비철금속,1.84
사료,1.83
전력저장장치(ESS),1.82
화이자(PFIZER),1.82
니켈,1.82
호텔/리조트,1.8
창투사,1.76
블록체인,1.73
갤럭시 부품주,1.69
유리 기판,1.66
온실가스(탄소배출권)/탄소 포집·활용·저장(CCUS),1.59
밸류업(24년 기업가치 제고계획 발표),1.58
드론(Drone),1.55
스마트카(SMART CAR),1.44
마켓컬리(kurly),1.39
피팅(관이음쇠)/밸브,1.39
백화점,1.37
희귀금속(희토류 등),1.35
손해보험,1.34
페라이트,1.27
두나무(Dunamu),1.25
전기차,1.24
수소에너지(수소차/연료전지 등),1.24
2차전지(나트륨이온),1.23
2차전지(생산),1.2
UAM(도심항공모빌리티),1.16
SI(시스템통합),1.15
풍력에너지,1.15
전자결제(전자화폐),1.15
골프,1.15
NFT(대체불가토큰),1.13
카지노,1.09
원자력발전소 해체,1.09
애플페이,1.09
LED장비,1.08
지역화폐,1.08
테마파크,1.05
여름,1.02
인터넷은행,1.02
국내 상장 중국기업,1.01
삼성페이,1.01
구제역/광우병 수혜,1.0
"스포츠행사 수혜(올림픽, 월드컵 등)",0.97
통신,0.96
조선기자재,0.95
항공기부품,0.92
밸류업(25년 기업가치 제고계획 발표),0.92
우주태양광(페로브스카이트 등),0.91
리모델링/인테리어,0.89
종합 물류,0.86
토스(toss),0.86
보안주(정보),0.84
제습기,0.81
가상현실(VR),0.8
자동차부품,0.79
지주사,0.79
폐배터리,0.79
전기차 화재 방지(배터리 열폭주 등),0.76
카메라모듈/부품,0.74
日제품 불매운동(수혜),0.71
황사/미세먼지,0.69
패션/의류,0.68
남북경협,0.66
메타버스(Metaverse),0.65
폐기물처리,0.61
카카오뱅크(kakao BANK),0.61
육계,0.59
CCTV＆DVR,0.57
일자리(취업),0.52
태양광에너지,0.51
아프리카 돼지열병(ASF),0.48
보톡스(보툴리눔톡신),0.47
수산,0.45
치매,0.44
딥페이크(deepfake),0.44
LNG(액화천연가스),0.39
치아 치료(임플란트 등),0.34
공작기계,0.34
미디어(방송/신문),0.33
클라우드 컴퓨팅,0.33
공기청정기,0.32
2025 하반기 신규상장,0.31
고령화 사회(노인복지),0.29
종합상사,0.28
부동산 보유 자산주,0.28
홈쇼핑,0.27
철강 중소형,0.27
콜드체인(저온 유통),0.27
화폐/금융자동화기기(디지털화폐 등),0.18
조선,0.13
환율하락 수혜,0.1
쿠팡(coupang),0.1
소매유통,0.09
지능형로봇/인공지능(AI),0.08
mRNA(메신저 리보핵산),0.08
모듈러주택,0.07
서울고속버스터미널 재개발 수혜,0.05
DMZ 평화공원,0.01
리비안(RIVIAN),-0.07
모바일솔루션(스마트폰),-0.11
"주류업(주정, 에탄올 등)",-0.12
조림사업,-0.13
음식료업종,-0.14
음성인식,-0.15
화장품,-0.17
기업인수목적회사(SPAC),-0.18
마이데이터,-0.19
재택근무/스마트워크,-0.22
오가노이드,-0.22
태풍 및 장마,-0.24
타이어,-0.25
유심(USIM),-0.26
자전거,-0.27
셰일가스(Shale Gas),-0.27
석유화학,-0.3
보안주(물리),-0.3
우크라이나 재건,-0.31
게임,-0.35
3D 프린터,-0.37
미용기기,-0.37
광고,-0.39
영화,-0.4
줄기세포,-0.4
증강현실(AR),-0.4
해운,-0.43
남-북-러 가스관사업,-0.44
농업,-0.45
웹툰,-0.47
GTX(수도권 광역급행철도),-0.5
코로나19(음압병실/음압구급차),-0.51
마이크로바이옴,-0.53
캐릭터상품,-0.54
건강기능식품,-0.54
마리화나(대마),-0.57
모바일게임(스마트폰),-0.58
제지,-0.61
건설 중소형,-0.64
AI 챗봇(챗GPT 등),-0.64
모바일콘텐츠(스마트폰/태블릿PC),-0.65
코로나19(진단/치료제/백신 개발 등),-0.65
겨울,-0.66
탈모 치료,-0.68
인터넷 대표주,-0.69
비만치료제,-0.69
교육/온라인 교육,-0.72
엔젤산업,-0.73
의료기기,-0.75
편의점,-0.75
SNS(소셜네트워크서비스),-0.76
은행,-0.77
코로나19(진단키트),-0.79
철강 주요종목,-0.84
원격진료/비대면진료(U-Healthcare),-0.84
페인트,-0.86
출산장려정책,-0.88
마스크,-0.88
골판지 제조,-0.9
항공/저가 항공사(LCC),-0.91
도시가스,-0.93
제약업체,-0.95
김밥(냉동김밥 등),-0.95
엔터테인먼트,-0.99
가상화폐(비트코인 등),-0.99
코로나19(치료제/백신 개발 등),-0.99
영상콘텐츠,-1.03
바이오시밀러(복제 바이오의약품),-1.04
키오스크(KIOSK),-1.12
수자원(양적/질적 개선),-1.19
콩/대두,-1.21
낙태/피임,-1.28
자원개발,-1.33
의료AI,-1.34
음원/음반,-1.37
화학섬유,-1.4
2026 상반기 신규상장,-1.44
유전자 치료제/분석,-1.47
강관업체(Steel pipe),-1.51
"백신/진단시약/방역(신종플루, AI 등)",-1.6
마이코플라스마 폐렴,-1.61
여행,-1.79
비료,-1.88
시멘트/레미콘,-1.99
주유소,-2.06
정유,-2.13
탈 플라스틱(친환경/생분해성 등),-2.29
제대혈,-2.38
면역항암제,-2.44
건설 대표주,-2.87
윤활유,-2.87
LPG(액화석유가스),-3.05
요소수,-3.09
렌터카,-3.29
리츠(REITs),-3.42
아스콘(아스팔트 콘크리트),-3.52
